Time,T° OD600:600,A1,A2,A3,A4,A5,A6,A7,A8,A9,A10,A11,A12,B1,B2,B3,B4,B5,B6,B7,B8,B9,B10,B11,B12,C1,C2,C3,C4,C5,C6,C7,C8,C9,C10,C11,C12,D1,D2,D3,D4,D5,D6,D7,D8,D9,D10,D11,D12,E1,E2,E3,E4,E5,E6,E7,E8,E9,E10,E11,E12,F1,F2,F3,F4,F5,F6,F7,F8,F9,F10,F11,F12,G1,G2,G3,G4,G5,G6,G7,G8,G9,G10,G11,G12,H1,H2,H3,H4,H5,H6,H7,H8,H9,H10,H11,H12
0:09:16,37,0.091,0.092,0.09,0.078,0.079,0.078,0.078,0.08,0.08,0.081,0.079,0.09,0.09,0.107,0.103,0.096,0.095,0.094,0.095,0.094,0.09,0.094,0.092,0.09,0.09,0.111,0.107,0.093,0.091,0.091,0.091,0.092,0.091,0.092,0.093,0.089,0.09,0.106,0.106,0.091,0.092,0.091,0.093,0.091,0.09,0.092,0.093,0.089,0.09,0.104,0.104,0.09,0.089,0.089,0.088,0.09,0.088,0.091,0.092,0.089,0.089,0.102,0.103,0.093,0.091,0.09,0.088,0.09,0.091,0.092,0.093,0.091,0.09,0.104,0.104,0.097,0.094,0.096,0.093,0.092,0.091,0.094,0.095,0.089,0.093,0.09,0.092,0.079,0.08,0.078,0.078,0.08,0.078,0.083,0.081,0.092
0:19:16,37,0.091,0.091,0.09,0.078,0.079,0.078,0.078,0.08,0.08,0.081,0.079,0.09,0.09,0.108,0.107,0.097,0.099,0.093,0.095,0.097,0.093,0.095,0.092,0.09,0.09,0.112,0.108,0.096,0.093,0.093,0.093,0.098,0.092,0.093,0.094,0.089,0.09,0.107,0.107,0.093,0.092,0.09,0.093,0.09,0.09,0.093,0.095,0.089,0.09,0.104,0.104,0.09,0.089,0.09,0.089,0.09,0.089,0.094,0.094,0.089,0.089,0.103,0.104,0.095,0.093,0.093,0.091,0.093,0.094,0.095,0.095,0.091,0.09,0.104,0.104,0.096,0.096,0.094,0.091,0.093,0.092,0.096,0.096,0.089,0.092,0.089,0.092,0.079,0.08,0.078,0.078,0.08,0.078,0.083,0.081,0.092
0:29:16,37,0.091,0.091,0.09,0.078,0.079,0.078,0.078,0.08,0.08,0.081,0.079,0.09,0.09,0.112,0.113,0.097,0.099,0.093,0.095,0.097,0.094,0.096,0.091,0.09,0.09,0.116,0.111,0.096,0.096,0.093,0.093,0.1,0.093,0.093,0.094,0.089,0.09,0.111,0.11,0.095,0.093,0.092,0.094,0.091,0.091,0.095,0.095,0.089,0.09,0.105,0.105,0.092,0.09,0.091,0.09,0.09,0.091,0.096,0.094,0.089,0.089,0.104,0.104,0.095,0.094,0.093,0.091,0.094,0.094,0.096,0.094,0.091,0.09,0.105,0.105,0.096,0.096,0.094,0.091,0.094,0.092,0.096,0.095,0.089,0.092,0.089,0.092,0.079,0.08,0.078,0.079,0.081,0.078,0.083,0.081,0.092
0:39:15,37,0.091,0.091,0.09,0.078,0.079,0.078,0.078,0.08,0.08,0.081,0.079,0.09,0.09,0.119,0.121,0.098,0.099,0.093,0.095,0.097,0.094,0.096,0.095,0.09,0.09,0.121,0.115,0.097,0.096,0.093,0.093,0.1,0.094,0.092,0.094,0.089,0.089,0.116,0.114,0.096,0.093,0.094,0.095,0.092,0.091,0.096,0.095,0.089,0.09,0.107,0.108,0.093,0.091,0.091,0.091,0.092,0.092,0.096,0.093,0.089,0.089,0.107,0.106,0.095,0.095,0.093,0.091,0.094,0.094,0.096,0.094,0.091,0.09,0.107,0.108,0.096,0.096,0.094,0.091,0.094,0.092,0.097,0.095,0.089,0.092,0.089,0.092,0.079,0.08,0.078,0.079,0.081,0.078,0.083,0.081,0.092
0:49:16,37,0.091,0.091,0.09,0.078,0.079,0.078,0.078,0.08,0.08,0.081,0.079,0.09,0.09,0.128,0.132,0.098,0.099,0.093,0.095,0.097,0.095,0.097,0.095,0.089,0.09,0.129,0.121,0.097,0.097,0.093,0.093,0.099,0.093,0.095,0.094,0.089,0.089,0.123,0.119,0.096,0.095,0.094,0.094,0.092,0.093,0.096,0.095,0.089,0.09,0.11,0.112,0.093,0.091,0.091,0.09,0.093,0.092,0.096,0.094,0.089,0.089,0.111,0.109,0.095,0.094,0.093,0.091,0.093,0.095,0.097,0.094,0.091,0.09,0.111,0.112,0.097,0.096,0.094,0.091,0.094,0.092,0.097,0.095,0.089,0.092,0.089,0.092,0.079,0.08,0.078,0.079,0.081,0.078,0.083,0.081,0.092
0:59:16,37,0.091,0.091,0.09,0.078,0.079,0.078,0.078,0.08,0.08,0.081,0.079,0.09,0.09,0.141,0.15,0.099,0.1,0.093,0.095,0.098,0.095,0.097,0.095,0.089,0.09,0.138,0.13,0.097,0.097,0.094,0.092,0.101,0.094,0.097,0.095,0.089,0.09,0.132,0.127,0.096,0.096,0.094,0.095,0.093,0.093,0.097,0.096,0.089,0.09,0.116,0.118,0.093,0.092,0.091,0.091,0.093,0.092,0.097,0.094,0.089,0.089,0.117,0.115,0.096,0.095,0.093,0.091,0.093,0.094,0.098,0.094,0.091,0.09,0.116,0.119,0.097,0.097,0.094,0.091,0.094,0.092,0.098,0.095,0.089,0.092,0.09,0.092,0.079,0.08,0.078,0.079,0.081,0.078,0.083,0.081,0.092
1:09:16,37,0.091,0.091,0.09,0.079,0.079,0.078,0.078,0.08,0.08,0.081,0.079,0.09,0.09,0.16,0.173,0.099,0.1,0.094,0.095,0.098,0.095,0.098,0.096,0.09,0.09,0.152,0.143,0.098,0.098,0.094,0.093,0.103,0.094,0.098,0.095,0.089,0.09,0.145,0.139,0.097,0.097,0.094,0.095,0.094,0.093,0.098,0.096,0.089,0.09,0.123,0.126,0.094,0.093,0.092,0.09,0.093,0.092,0.098,0.094,0.089,0.089,0.126,0.123,0.097,0.095,0.093,0.091,0.094,0.094,0.099,0.094,0.091,0.09,0.124,0.127,0.097,0.097,0.095,0.092,0.094,0.092,0.1,0.095,0.089,0.092,0.09,0.092,0.079,0.08,0.078,0.079,0.081,0.079,0.083,0.081,0.092
1:19:16,37,0.091,0.092,0.09,0.079,0.079,0.078,0.079,0.08,0.08,0.081,0.079,0.09,0.09,0.185,0.205,0.1,0.101,0.094,0.095,0.098,0.095,0.1,0.096,0.09,0.09,0.17,0.159,0.098,0.098,0.095,0.093,0.103,0.094,0.098,0.095,0.089,0.09,0.163,0.153,0.098,0.098,0.095,0.096,0.096,0.094,0.099,0.096,0.09,0.09,0.133,0.138,0.096,0.095,0.092,0.091,0.094,0.092,0.1,0.094,0.089,0.089,0.136,0.134,0.097,0.096,0.093,0.091,0.094,0.094,0.101,0.094,0.091,0.09,0.134,0.139,0.098,0.098,0.094,0.092,0.094,0.092,0.101,0.095,0.089,0.093,0.09,0.092,0.079,0.08,0.079,0.079,0.081,0.079,0.083,0.082,0.092
1:29:16,37,0.091,0.091,0.09,0.079,0.079,0.078,0.078,0.081,0.08,0.081,0.079,0.09,0.09,0.217,0.245,0.1,0.101,0.095,0.095,0.099,0.095,0.101,0.096,0.09,0.09,0.196,0.18,0.099,0.098,0.095,0.093,0.104,0.093,0.099,0.095,0.089,0.09,0.187,0.172,0.098,0.099,0.095,0.095,0.096,0.094,0.1,0.097,0.089,0.09,0.145,0.154,0.096,0.095,0.092,0.091,0.093,0.092,0.102,0.094,0.089,0.089,0.15,0.149,0.098,0.096,0.095,0.091,0.094,0.094,0.103,0.094,0.091,0.09,0.146,0.154,0.098,0.098,0.094,0.091,0.094,0.092,0.103,0.095,0.089,0.092,0.089,0.092,0.079,0.08,0.079,0.079,0.081,0.079,0.083,0.082,0.092
1:39:16,37,0.091,0.091,0.09,0.079,0.079,0.078,0.078,0.08,0.08,0.082,0.079,0.09,0.09,0.25,0.291,0.101,0.102,0.094,0.095,0.099,0.094,0.102,0.096,0.09,0.09,0.223,0.208,0.099,0.099,0.095,0.092,0.104,0.093,0.1,0.095,0.089,0.09,0.213,0.195,0.098,0.1,0.095,0.095,0.097,0.094,0.102,0.097,0.089,0.09,0.161,0.174,0.096,0.096,0.092,0.091,0.093,0.092,0.104,0.094,0.089,0.089,0.167,0.167,0.097,0.096,0.093,0.091,0.094,0.094,0.105,0.094,0.091,0.09,0.16,0.174,0.098,0.098,0.094,0.091,0.094,0.092,0.105,0.095,0.089,0.092,0.089,0.092,0.079,0.08,0.078,0.079,0.081,0.079,0.083,0.081,0.092
1:49:16,37,0.091,0.091,0.09,0.079,0.079,0.078,0.078,0.08,0.08,0.082,0.079,0.09,0.09,0.277,0.34,0.101,0.102,0.095,0.095,0.1,0.095,0.104,0.096,0.09,0.09,0.246,0.241,0.1,0.099,0.095,0.093,0.105,0.093,0.102,0.095,0.089,0.09,0.234,0.221,0.099,0.1,0.095,0.095,0.097,0.094,0.103,0.097,0.089,0.09,0.176,0.198,0.096,0.096,0.092,0.091,0.093,0.093,0.108,0.094,0.089,0.089,0.184,0.189,0.097,0.097,0.094,0.09,0.094,0.094,0.109,0.094,0.091,0.09,0.176,0.196,0.098,0.098,0.095,0.091,0.094,0.092,0.108,0.095,0.089,0.092,0.089,0.092,0.079,0.08,0.078,0.079,0.081,0.079,0.083,0.082,0.092
1:59:16,37,0.091,0.092,0.09,0.079,0.079,0.078,0.079,0.081,0.08,0.082,0.079,0.09,0.09,0.307,0.384,0.102,0.102,0.095,0.095,0.1,0.094,0.106,0.097,0.09,0.09,0.268,0.273,0.1,0.1,0.095,0.093,0.105,0.093,0.104,0.095,0.089,0.09,0.252,0.244,0.1,0.1,0.096,0.095,0.098,0.094,0.105,0.097,0.09,0.09,0.192,0.222,0.096,0.096,0.092,0.091,0.094,0.093,0.112,0.094,0.089,0.089,0.199,0.214,0.098,0.097,0.094,0.09,0.094,0.094,0.113,0.094,0.091,0.09,0.194,0.219,0.099,0.099,0.095,0.091,0.094,0.093,0.113,0.096,0.089,0.093,0.09,0.092,0.079,0.08,0.078,0.079,0.081,0.079,0.083,0.082,0.092
2:09:16,37,0.091,0.092,0.09,0.079,0.079,0.078,0.079,0.081,0.08,0.082,0.079,0.09,0.09,0.344,0.436,0.103,0.103,0.095,0.095,0.101,0.095,0.107,0.096,0.09,0.09,0.294,0.304,0.101,0.1,0.096,0.092,0.106,0.093,0.106,0.095,0.089,0.09,0.275,0.273,0.101,0.101,0.096,0.095,0.098,0.094,0.106,0.097,0.09,0.09,0.208,0.254,0.096,0.096,0.093,0.09,0.093,0.093,0.117,0.094,0.089,0.089,0.217,0.241,0.097,0.097,0.094,0.09,0.094,0.094,0.117,0.094,0.091,0.09,0.209,0.246,0.099,0.099,0.096,0.091,0.094,0.092,0.117,0.095,0.089,0.093,0.09,0.092,0.079,0.08,0.079,0.079,0.081,0.079,0.083,0.082,0.092
2:19:16,37,0.091,0.092,0.09,0.079,0.079,0.079,0.079,0.08,0.08,0.082,0.079,0.09,0.09,0.38,0.474,0.103,0.104,0.096,0.095,0.101,0.094,0.11,0.097,0.09,0.09,0.322,0.334,0.102,0.101,0.096,0.092,0.106,0.093,0.109,0.096,0.089,0.09,0.301,0.302,0.101,0.101,0.096,0.095,0.098,0.094,0.11,0.097,0.089,0.09,0.259,0.278,0.097,0.096,0.093,0.09,0.093,0.093,0.118,0.094,0.089,0.089,0.23,0.264,0.097,0.097,0.095,0.09,0.094,0.094,0.119,0.094,0.091,0.09,0.227,0.267,0.099,0.1,0.096,0.091,0.094,0.092,0.119,0.095,0.089,0.092,0.09,0.092,0.079,0.08,0.079,0.079,0.081,0.079,0.083,0.082,0.092
2:29:16,37,0.091,0.092,0.09,0.079,0.079,0.079,0.079,0.081,0.08,0.082,0.079,0.09,0.09,0.409,0.508,0.104,0.104,0.096,0.095,0.101,0.094,0.114,0.097,0.09,0.09,0.346,0.366,0.102,0.101,0.096,0.092,0.107,0.093,0.112,0.096,0.089,0.09,0.327,0.33,0.102,0.101,0.096,0.095,0.099,0.093,0.113,0.097,0.089,0.09,0.23,0.304,0.097,0.096,0.093,0.09,0.094,0.092,0.121,0.094,0.089,0.089,0.275,0.288,0.098,0.097,0.095,0.09,0.094,0.094,0.122,0.094,0.091,0.09,0.313,0.287,0.099,0.1,0.096,0.091,0.095,0.092,0.123,0.095,0.089,0.092,0.09,0.092,0.079,0.08,0.079,0.079,0.081,0.079,0.083,0.082,0.092
2:39:16,37,0.091,0.092,0.09,0.079,0.08,0.079,0.079,0.081,0.08,0.082,0.079,0.09,0.09,0.429,0.534,0.104,0.104,0.096,0.095,0.102,0.095,0.119,0.097,0.09,0.09,0.363,0.399,0.103,0.101,0.096,0.092,0.107,0.093,0.116,0.096,0.089,0.09,0.345,0.362,0.102,0.102,0.097,0.095,0.099,0.093,0.118,0.098,0.09,0.09,0.254,0.334,0.097,0.097,0.094,0.09,0.094,0.093,0.126,0.093,0.089,0.089,0.321,0.313,0.098,0.098,0.095,0.09,0.094,0.095,0.127,0.094,0.091,0.09,0.325,0.307,0.099,0.1,0.096,0.091,0.095,0.093,0.127,0.095,0.089,0.093,0.09,0.092,0.079,0.08,0.079,0.079,0.081,0.079,0.084,0.082,0.093
2:49:16,37,0.091,0.091,0.09,0.079,0.08,0.078,0.079,0.08,0.08,0.082,0.079,0.09,0.09,0.45,0.545,0.105,0.104,0.096,0.095,0.102,0.094,0.125,0.097,0.09,0.09,0.379,0.426,0.103,0.102,0.097,0.092,0.107,0.093,0.122,0.096,0.089,0.09,0.36,0.391,0.103,0.102,0.097,0.095,0.1,0.093,0.123,0.098,0.089,0.09,0.281,0.357,0.097,0.097,0.093,0.09,0.094,0.092,0.131,0.094,0.089,0.089,0.371,0.34,0.098,0.098,0.094,0.09,0.094,0.094,0.132,0.094,0.091,0.09,0.342,0.325,0.099,0.1,0.096,0.091,0.095,0.092,0.132,0.095,0.089,0.092,0.09,0.092,0.079,0.08,0.078,0.079,0.081,0.079,0.083,0.082,0.092
2:59:16,37,0.091,0.092,0.09,0.079,0.08,0.079,0.079,0.081,0.081,0.082,0.08,0.09,0.09,0.472,0.572,0.106,0.105,0.096,0.095,0.102,0.094,0.129,0.097,0.09,0.09,0.398,0.454,0.104,0.102,0.097,0.092,0.108,0.093,0.126,0.096,0.089,0.09,0.378,0.423,0.104,0.103,0.097,0.095,0.1,0.093,0.128,0.098,0.09,0.09,0.305,0.382,0.098,0.097,0.094,0.09,0.094,0.093,0.136,0.094,0.089,0.089,0.374,0.363,0.098,0.098,0.095,0.09,0.094,0.094,0.137,0.094,0.091,0.09,0.378,0.346,0.099,0.1,0.096,0.091,0.095,0.092,0.138,0.096,0.089,0.093,0.09,0.092,0.079,0.08,0.078,0.079,0.081,0.079,0.084,0.082,0.092
3:09:16,37,0.091,0.092,0.09,0.079,0.08,0.078,0.079,0.081,0.08,0.082,0.08,0.09,0.09,0.493,0.588,0.106,0.108,0.097,0.095,0.103,0.094,0.133,0.097,0.09,0.09,0.412,0.478,0.105,0.103,0.097,0.092,0.107,0.093,0.13,0.096,0.089,0.09,0.393,0.45,0.104,0.103,0.097,0.095,0.101,0.093,0.132,0.098,0.09,0.09,0.317,0.398,0.097,0.097,0.094,0.09,0.094,0.092,0.142,0.094,0.089,0.089,0.383,0.386,0.098,0.098,0.095,0.09,0.094,0.094,0.144,0.094,0.091,0.09,0.408,0.367,0.099,0.1,0.096,0.091,0.095,0.092,0.144,0.095,0.089,0.093,0.09,0.092,0.079,0.08,0.078,0.079,0.081,0.079,0.084,0.082,0.093
3:19:16,37,0.091,0.092,0.09,0.079,0.079,0.078,0.079,0.081,0.081,0.082,0.079,0.09,0.09,0.512,0.607,0.107,0.106,0.097,0.095,0.103,0.094,0.137,0.097,0.09,0.09,0.427,0.499,0.105,0.103,0.097,0.092,0.108,0.093,0.134,0.096,0.089,0.09,0.41,0.475,0.105,0.104,0.098,0.095,0.101,0.093,0.136,0.098,0.089,0.09,0.323,0.413,0.098,0.098,0.094,0.09,0.094,0.092,0.149,0.094,0.089,0.089,0.386,0.406,0.098,0.099,0.096,0.089,0.094,0.094,0.151,0.094,0.091,0.09,0.415,0.386,0.099,0.101,0.096,0.091,0.095,0.092,0.153,0.095,0.089,0.092,0.09,0.092,0.079,0.08,0.078,0.079,0.081,0.079,0.084,0.082,0.093
3:29:16,37,0.091,0.091,0.09,0.079,0.079,0.079,0.079,0.08,0.081,0.082,0.08,0.09,0.09,0.531,0.61,0.108,0.107,0.098,0.095,0.104,0.094,0.142,0.097,0.09,0.09,0.441,0.51,0.106,0.104,0.097,0.092,0.108,0.093,0.139,0.096,0.089,0.09,0.424,0.493,0.106,0.105,0.098,0.095,0.101,0.093,0.14,0.098,0.09,0.09,0.328,0.428,0.097,0.099,0.094,0.09,0.094,0.093,0.159,0.094,0.089,0.089,0.394,0.426,0.099,0.1,0.095,0.09,0.094,0.094,0.16,0.094,0.091,0.09,0.421,0.403,0.1,0.101,0.096,0.091,0.095,0.092,0.161,0.095,0.089,0.093,0.09,0.092,0.079,0.08,0.079,0.079,0.081,0.079,0.084,0.082,0.093
3:39:16,37,0.092,0.092,0.09,0.079,0.08,0.079,0.079,0.081,0.081,0.082,0.08,0.09,0.09,0.546,0.625,0.109,0.11,0.098,0.095,0.104,0.094,0.148,0.097,0.09,0.09,0.456,0.525,0.107,0.105,0.098,0.092,0.109,0.093,0.144,0.096,0.089,0.09,0.439,0.51,0.107,0.106,0.098,0.095,0.102,0.093,0.146,0.098,0.09,0.09,0.332,0.437,0.098,0.1,0.094,0.09,0.094,0.093,0.167,0.094,0.089,0.089,0.398,0.44,0.099,0.101,0.095,0.09,0.094,0.094,0.167,0.094,0.091,0.09,0.426,0.417,0.1,0.102,0.096,0.091,0.095,0.092,0.168,0.096,0.089,0.093,0.09,0.092,0.079,0.08,0.079,0.079,0.081,0.079,0.084,0.082,0.093
3:49:16,37,0.092,0.092,0.09,0.079,0.08,0.079,0.079,0.081,0.081,0.082,0.08,0.09,0.09,0.558,0.638,0.111,0.11,0.098,0.095,0.105,0.094,0.154,0.097,0.09,0.09,0.47,0.538,0.108,0.106,0.098,0.092,0.109,0.092,0.15,0.096,0.089,0.09,0.451,0.524,0.108,0.107,0.099,0.095,0.102,0.093,0.152,0.098,0.09,0.09,0.338,0.45,0.098,0.101,0.094,0.09,0.094,0.093,0.173,0.094,0.089,0.089,0.404,0.453,0.099,0.102,0.095,0.09,0.094,0.094,0.173,0.094,0.091,0.09,0.434,0.432,0.1,0.103,0.096,0.091,0.095,0.093,0.175,0.096,0.089,0.093,0.09,0.092,0.079,0.08,0.079,0.079,0.081,0.079,0.084,0.082,0.093
3:59:16,37,0.091,0.092,0.09,0.079,0.08,0.079,0.079,0.081,0.081,0.082,0.08,0.09,0.09,0.567,0.657,0.112,0.114,0.098,0.095,0.105,0.094,0.16,0.098,0.09,0.09,0.482,0.548,0.11,0.108,0.098,0.092,0.11,0.093,0.157,0.097,0.089,0.09,0.463,0.538,0.109,0.108,0.098,0.095,0.102,0.093,0.159,0.098,0.09,0.09,0.341,0.461,0.098,0.103,0.094,0.09,0.094,0.093,0.179,0.094,0.089,0.089,0.411,0.467,0.099,0.104,0.097,0.09,0.094,0.094,0.179,0.094,0.091,0.09,0.437,0.446,0.1,0.103,0.096,0.091,0.095,0.092,0.181,0.096,0.089,0.093,0.09,0.092,0.079,0.08,0.079,0.079,0.081,0.079,0.084,0.082,0.093
4:09:16,37,0.092,0.092,0.09,0.079,0.08,0.079,0.079,0.081,0.081,0.082,0.08,0.09,0.09,0.577,0.667,0.114,0.117,0.098,0.095,0.105,0.093,0.168,0.097,0.09,0.09,0.491,0.557,0.111,0.11,0.098,0.092,0.11,0.092,0.164,0.097,0.089,0.09,0.474,0.549,0.111,0.11,0.099,0.095,0.103,0.093,0.167,0.098,0.09,0.09,0.346,0.478,0.098,0.105,0.094,0.09,0.094,0.093,0.188,0.094,0.089,0.089,0.415,0.477,0.099,0.106,0.095,0.09,0.094,0.094,0.187,0.094,0.091,0.09,0.443,0.46,0.1,0.104,0.096,0.091,0.095,0.093,0.188,0.096,0.089,0.093,0.09,0.092,0.079,0.08,0.079,0.079,0.081,0.079,0.084,0.082,0.093
4:19:16,37,0.092,0.092,0.09,0.079,0.08,0.079,0.079,0.081,0.081,0.082,0.08,0.09,0.09,0.586,0.67,0.116,0.116,0.098,0.095,0.106,0.093,0.175,0.098,0.09,0.09,0.501,0.562,0.114,0.112,0.098,0.092,0.11,0.092,0.173,0.097,0.089,0.09,0.482,0.555,0.113,0.112,0.099,0.095,0.103,0.093,0.174,0.098,0.09,0.09,0.349,0.491,0.098,0.108,0.094,0.09,0.094,0.093,0.202,0.094,0.089,0.089,0.421,0.488,0.099,0.108,0.095,0.09,0.094,0.094,0.198,0.095,0.091,0.09,0.448,0.473,0.101,0.106,0.096,0.091,0.095,0.093,0.2,0.096,0.089,0.093,0.09,0.092,0.08,0.08,0.079,0.079,0.081,0.079,0.084,0.082,0.093
4:29:16,37,0.092,0.092,0.09,0.079,0.08,0.079,0.079,0.081,0.081,0.082,0.08,0.09,0.09,0.598,0.68,0.119,0.12,0.099,0.095,0.107,0.093,0.185,0.098,0.09,0.09,0.516,0.569,0.117,0.115,0.099,0.091,0.11,0.092,0.181,0.097,0.089,0.09,0.492,0.563,0.116,0.114,0.099,0.094,0.103,0.092,0.184,0.099,0.09,0.09,0.356,0.507,0.098,0.111,0.094,0.09,0.094,0.093,0.204,0.094,0.089,0.089,0.428,0.498,0.099,0.111,0.095,0.089,0.094,0.094,0.204,0.095,0.091,0.09,0.452,0.485,0.101,0.107,0.096,0.091,0.095,0.093,0.21,0.096,0.089,0.093,0.09,0.092,0.079,0.08,0.079,0.079,0.082,0.079,0.084,0.082,0.093
4:39:16,37,0.092,0.092,0.09,0.079,0.08,0.079,0.079,0.081,0.081,0.082,0.08,0.09,0.09,0.608,0.686,0.122,0.124,0.099,0.094,0.107,0.093,0.194,0.098,0.09,0.09,0.531,0.575,0.12,0.118,0.099,0.092,0.111,0.092,0.191,0.097,0.089,0.09,0.503,0.569,0.119,0.117,0.099,0.094,0.103,0.093,0.194,0.099,0.09,0.09,0.363,0.519,0.098,0.114,0.094,0.09,0.094,0.093,0.21,0.094,0.089,0.089,0.433,0.509,0.099,0.114,0.095,0.09,0.094,0.094,0.213,0.095,0.091,0.09,0.459,0.498,0.101,0.108,0.096,0.091,0.095,0.093,0.215,0.096,0.089,0.093,0.09,0.092,0.079,0.08,0.079,0.079,0.081,0.079,0.084,0.082,0.093
4:49:16,37,0.091,0.092,0.09,0.079,0.08,0.079,0.079,0.081,0.081,0.082,0.08,0.09,0.09,0.617,0.699,0.126,0.132,0.099,0.095,0.107,0.093,0.204,0.098,0.09,0.09,0.541,0.582,0.123,0.122,0.099,0.091,0.111,0.092,0.201,0.098,0.089,0.09,0.514,0.577,0.122,0.121,0.099,0.094,0.103,0.092,0.203,0.099,0.09,0.09,0.367,0.532,0.098,0.118,0.094,0.09,0.095,0.093,0.219,0.094,0.089,0.089,0.441,0.52,0.099,0.117,0.096,0.089,0.094,0.094,0.221,0.095,0.091,0.09,0.466,0.511,0.101,0.109,0.096,0.091,0.095,0.092,0.224,0.096,0.089,0.093,0.09,0.092,0.079,0.08,0.079,0.079,0.081,0.079,0.084,0.082,0.093
4:59:16,36.9,0.092,0.092,0.09,0.079,0.08,0.079,0.079,0.081,0.081,0.082,0.08,0.09,0.09,0.626,0.707,0.13,0.137,0.099,0.094,0.107,0.093,0.215,0.099,0.09,0.09,0.552,0.587,0.128,0.127,0.099,0.091,0.111,0.092,0.212,0.098,0.089,0.09,0.524,0.583,0.126,0.126,0.099,0.094,0.103,0.092,0.214,0.1,0.09,0.09,0.376,0.548,0.099,0.123,0.094,0.09,0.094,0.093,0.227,0.095,0.089,0.089,0.448,0.533,0.099,0.121,0.096,0.089,0.094,0.094,0.229,0.095,0.091,0.09,0.474,0.524,0.101,0.111,0.096,0.091,0.095,0.092,0.23,0.096,0.089,0.093,0.09,0.092,0.079,0.08,0.079,0.079,0.082,0.079,0.084,0.082,0.093
5:09:16,37,0.092,0.092,0.09,0.079,0.08,0.079,0.079,0.081,0.081,0.082,0.08,0.09,0.091,0.634,0.707,0.135,0.146,0.1,0.095,0.107,0.093,0.227,0.099,0.09,0.09,0.562,0.588,0.132,0.132,0.099,0.091,0.112,0.092,0.223,0.099,0.089,0.09,0.532,0.586,0.13,0.132,0.1,0.094,0.103,0.092,0.224,0.1,0.09,0.09,0.383,0.562,0.099,0.127,0.094,0.09,0.094,0.093,0.23,0.095,0.089,0.09,0.456,0.543,0.1,0.125,0.096,0.089,0.094,0.094,0.233,0.095,0.091,0.09,0.48,0.537,0.101,0.113,0.096,0.091,0.096,0.093,0.234,0.096,0.09,0.093,0.09,0.092,0.079,0.08,0.079,0.079,0.082,0.079,0.084,0.082,0.093
5:19:16,37,0.091,0.092,0.09,0.079,0.08,0.079,0.079,0.081,0.081,0.082,0.08,0.09,0.09,0.641,0.713,0.14,0.156,0.099,0.094,0.107,0.093,0.24,0.1,0.09,0.09,0.573,0.591,0.137,0.139,0.1,0.091,0.112,0.092,0.237,0.099,0.089,0.09,0.54,0.59,0.134,0.139,0.1,0.094,0.104,0.092,0.236,0.1,0.09,0.09,0.39,0.573,0.099,0.132,0.094,0.09,0.094,0.093,0.234,0.095,0.089,0.089,0.465,0.556,0.099,0.128,0.096,0.089,0.094,0.094,0.237,0.095,0.091,0.09,0.487,0.548,0.101,0.114,0.097,0.091,0.095,0.092,0.237,0.096,0.09,0.093,0.09,0.092,0.079,0.08,0.079,0.079,0.082,0.079,0.084,0.082,0.093
5:29:16,37,0.092,0.092,0.09,0.079,0.08,0.079,0.079,0.081,0.081,0.082,0.08,0.09,0.09,0.648,0.723,0.146,0.168,0.1,0.094,0.107,0.093,0.253,0.1,0.09,0.09,0.583,0.596,0.143,0.149,0.099,0.091,0.113,0.092,0.25,0.1,0.089,0.09,0.549,0.596,0.139,0.146,0.1,0.094,0.104,0.092,0.249,0.101,0.09,0.09,0.399,0.583,0.099,0.138,0.094,0.09,0.094,0.093,0.241,0.095,0.089,0.09,0.469,0.568,0.1,0.132,0.096,0.089,0.094,0.094,0.243,0.095,0.091,0.09,0.494,0.561,0.101,0.117,0.098,0.091,0.095,0.092,0.244,0.096,0.09,0.093,0.09,0.092,0.079,0.08,0.079,0.079,0.082,0.079,0.084,0.082,0.093
5:39:16,37,0.092,0.092,0.09,0.079,0.08,0.079,0.079,0.081,0.081,0.082,0.08,0.09,0.091,0.654,0.727,0.154,0.182,0.1,0.094,0.108,0.093,0.266,0.101,0.09,0.09,0.592,0.6,0.15,0.16,0.1,0.091,0.113,0.092,0.262,0.1,0.089,0.09,0.557,0.599,0.144,0.157,0.1,0.094,0.105,0.092,0.261,0.102,0.09,0.09,0.405,0.598,0.099,0.144,0.094,0.09,0.094,0.093,0.244,0.095,0.089,0.09,0.477,0.58,0.1,0.137,0.096,0.089,0.094,0.094,0.244,0.095,0.091,0.09,0.501,0.574,0.101,0.118,0.096,0.091,0.095,0.093,0.245,0.096,0.09,0.093,0.09,0.092,0.079,0.08,0.079,0.079,0.082,0.079,0.084,0.082,0.093
5:49:16,37,0.092,0.092,0.09,0.079,0.08,0.079,0.079,0.081,0.081,0.082,0.08,0.09,0.091,0.66,0.734,0.162,0.197,0.1,0.093,0.108,0.093,0.279,0.101,0.09,0.09,0.602,0.603,0.16,0.171,0.1,0.091,0.114,0.092,0.274,0.101,0.089,0.09,0.565,0.603,0.151,0.167,0.1,0.094,0.105,0.092,0.272,0.102,0.09,0.09,0.41,0.606,0.099,0.15,0.094,0.09,0.094,0.093,0.251,0.095,0.089,0.09,0.483,0.589,0.1,0.141,0.096,0.089,0.094,0.094,0.249,0.095,0.091,0.09,0.507,0.585,0.102,0.121,0.096,0.091,0.095,0.092,0.251,0.096,0.09,0.093,0.09,0.092,0.079,0.08,0.079,0.079,0.082,0.079,0.084,0.082,0.093
5:59:16,37,0.092,0.092,0.091,0.079,0.08,0.079,0.079,0.081,0.081,0.082,0.08,0.09,0.09,0.67,0.737,0.173,0.21,0.1,0.094,0.108,0.093,0.294,0.102,0.09,0.09,0.612,0.605,0.171,0.185,0.1,0.091,0.114,0.092,0.288,0.102,0.089,0.09,0.574,0.606,0.16,0.178,0.101,0.094,0.105,0.092,0.285,0.103,0.09,0.09,0.419,0.615,0.099,0.157,0.094,0.09,0.094,0.093,0.251,0.095,0.089,0.09,0.488,0.599,0.1,0.147,0.096,0.089,0.094,0.094,0.251,0.095,0.091,0.09,0.515,0.597,0.102,0.124,0.097,0.091,0.095,0.093,0.255,0.096,0.089,0.093,0.09,0.092,0.079,0.08,0.079,0.079,0.082,0.08,0.084,0.082,0.093
6:09:16,37,0.092,0.092,0.091,0.08,0.08,0.079,0.08,0.081,0.081,0.082,0.08,0.09,0.091,0.676,0.749,0.187,0.225,0.1,0.094,0.109,0.093,0.309,0.103,0.09,0.09,0.62,0.61,0.186,0.2,0.1,0.091,0.114,0.092,0.304,0.103,0.089,0.09,0.581,0.61,0.171,0.191,0.101,0.094,0.106,0.092,0.3,0.104,0.09,0.09,0.424,0.625,0.1,0.165,0.094,0.09,0.095,0.093,0.255,0.095,0.089,0.09,0.495,0.606,0.1,0.153,0.096,0.089,0.094,0.094,0.254,0.095,0.091,0.09,0.522,0.608,0.102,0.127,0.097,0.091,0.095,0.093,0.258,0.096,0.09,0.093,0.09,0.092,0.079,0.08,0.079,0.079,0.082,0.08,0.084,0.082,0.093
6:19:16,37,0.092,0.092,0.091,0.079,0.08,0.079,0.079,0.081,0.081,0.082,0.08,0.09,0.09,0.677,0.726,0.201,0.234,0.1,0.094,0.109,0.093,0.322,0.104,0.09,0.091,0.626,0.604,0.203,0.21,0.101,0.091,0.114,0.092,0.315,0.104,0.089,0.09,0.586,0.606,0.182,0.203,0.101,0.094,0.106,0.092,0.312,0.105,0.09,0.09,0.429,0.63,0.1,0.171,0.095,0.09,0.095,0.093,0.258,0.095,0.089,0.09,0.498,0.613,0.1,0.158,0.096,0.089,0.094,0.094,0.258,0.095,0.091,0.091,0.526,0.616,0.102,0.128,0.097,0.091,0.095,0.093,0.258,0.096,0.09,0.093,0.09,0.092,0.079,0.08,0.079,0.08,0.082,0.079,0.084,0.082,0.093
6:29:16,37,0.092,0.092,0.091,0.079,0.08,0.079,0.079,0.081,0.081,0.082,0.08,0.09,0.091,0.683,0.752,0.218,0.253,0.101,0.093,0.11,0.093,0.337,0.105,0.09,0.09,0.633,0.61,0.23,0.226,0.101,0.091,0.115,0.092,0.329,0.105,0.089,0.09,0.594,0.612,0.199,0.215,0.101,0.094,0.107,0.092,0.327,0.107,0.09,0.09,0.436,0.636,0.1,0.178,0.095,0.09,0.095,0.093,0.262,0.095,0.089,0.09,0.499,0.621,0.101,0.165,0.096,0.089,0.094,0.094,0.264,0.095,0.091,0.09,0.532,0.626,0.102,0.131,0.097,0.091,0.095,0.093,0.265,0.096,0.09,0.093,0.09,0.092,0.079,0.081,0.079,0.08,0.082,0.08,0.084,0.082,0.093
6:39:16,37,0.092,0.092,0.091,0.079,0.08,0.079,0.079,0.081,0.081,0.082,0.08,0.09,0.091,0.688,0.758,0.238,0.267,0.101,0.093,0.11,0.093,0.351,0.106,0.09,0.09,0.642,0.613,0.256,0.24,0.101,0.091,0.115,0.091,0.342,0.107,0.089,0.09,0.6,0.615,0.213,0.228,0.101,0.094,0.107,0.092,0.342,0.108,0.09,0.09,0.44,0.644,0.1,0.185,0.095,0.09,0.095,0.093,0.268,0.095,0.089,0.09,0.504,0.628,0.101,0.171,0.096,0.089,0.094,0.094,0.267,0.095,0.091,0.09,0.534,0.632,0.102,0.133,0.097,0.091,0.095,0.093,0.27,0.096,0.09,0.093,0.09,0.092,0.079,0.081,0.079,0.08,0.082,0.08,0.084,0.082,0.093
6:49:16,37,0.092,0.092,0.091,0.08,0.08,0.079,0.079,0.081,0.081,0.082,0.08,0.09,0.091,0.692,0.752,0.262,0.281,0.101,0.093,0.111,0.093,0.365,0.108,0.09,0.09,0.647,0.613,0.279,0.254,0.101,0.091,0.115,0.092,0.355,0.108,0.089,0.09,0.606,0.616,0.231,0.239,0.101,0.094,0.107,0.092,0.357,0.11,0.09,0.09,0.443,0.651,0.1,0.192,0.097,0.09,0.095,0.093,0.271,0.095,0.089,0.09,0.508,0.633,0.101,0.177,0.096,0.089,0.094,0.094,0.268,0.095,0.091,0.091,0.538,0.638,0.102,0.135,0.097,0.091,0.095,0.093,0.273,0.096,0.09,0.093,0.09,0.092,0.079,0.081,0.079,0.08,0.082,0.08,0.084,0.082,0.093
6:59:16,37,0.092,0.092,0.091,0.079,0.08,0.079,0.079,0.081,0.082,0.083,0.08,0.09,0.091,0.692,0.73,0.273,0.28,0.101,0.093,0.111,0.093,0.376,0.11,0.09,0.09,0.652,0.607,0.298,0.261,0.101,0.091,0.116,0.092,0.366,0.11,0.089,0.09,0.609,0.61,0.246,0.247,0.102,0.094,0.108,0.092,0.368,0.112,0.09,0.09,0.444,0.653,0.101,0.198,0.095,0.09,0.095,0.093,0.271,0.095,0.089,0.09,0.508,0.637,0.101,0.181,0.097,0.089,0.094,0.094,0.27,0.095,0.091,0.091,0.542,0.641,0.103,0.137,0.098,0.091,0.095,0.093,0.274,0.096,0.09,0.093,0.09,0.092,0.079,0.081,0.079,0.08,0.082,0.08,0.084,0.082,0.093
7:09:16,37,0.092,0.092,0.091,0.079,0.08,0.079,0.079,0.081,0.081,0.083,0.08,0.09,0.091,0.699,0.762,0.308,0.299,0.101,0.093,0.112,0.092,0.39,0.112,0.09,0.09,0.658,0.612,0.331,0.276,0.101,0.091,0.116,0.091,0.381,0.112,0.089,0.09,0.615,0.616,0.268,0.258,0.102,0.093,0.108,0.092,0.384,0.114,0.09,0.09,0.448,0.655,0.101,0.204,0.095,0.09,0.095,0.093,0.275,0.095,0.089,0.09,0.508,0.643,0.101,0.188,0.097,0.089,0.094,0.094,0.275,0.096,0.091,0.091,0.544,0.648,0.103,0.139,0.097,0.091,0.095,0.093,0.281,0.096,0.09,0.093,0.09,0.092,0.079,0.081,0.079,0.08,0.082,0.08,0.084,0.082,0.093
7:19:16,37,0.092,0.092,0.091,0.079,0.08,0.079,0.079,0.081,0.082,0.083,0.08,0.09,0.091,0.704,0.776,0.343,0.314,0.102,0.093,0.112,0.092,0.406,0.114,0.09,0.091,0.663,0.617,0.352,0.286,0.102,0.091,0.116,0.091,0.395,0.115,0.089,0.09,0.621,0.621,0.293,0.268,0.102,0.094,0.109,0.092,0.398,0.116,0.09,0.09,0.453,0.664,0.101,0.212,0.096,0.09,0.095,0.093,0.28,0.095,0.089,0.09,0.513,0.649,0.101,0.196,0.097,0.089,0.094,0.094,0.281,0.096,0.091,0.091,0.548,0.656,0.103,0.141,0.097,0.091,0.095,0.093,0.294,0.096,0.09,0.093,0.09,0.092,0.079,0.081,0.079,0.08,0.082,0.08,0.084,0.082,0.093
7:29:16,37,0.092,0.092,0.091,0.08,0.08,0.079,0.079,0.081,0.081,0.083,0.08,0.09,0.091,0.708,0.783,0.378,0.326,0.102,0.093,0.113,0.092,0.42,0.116,0.09,0.091,0.668,0.62,0.372,0.296,0.102,0.091,0.117,0.091,0.408,0.117,0.089,0.09,0.625,0.625,0.318,0.276,0.102,0.093,0.109,0.092,0.411,0.118,0.09,0.09,0.456,0.671,0.101,0.218,0.098,0.09,0.095,0.093,0.285,0.095,0.089,0.09,0.514,0.654,0.102,0.203,0.097,0.089,0.095,0.094,0.287,0.096,0.091,0.091,0.551,0.661,0.103,0.144,0.097,0.091,0.095,0.093,0.295,0.096,0.09,0.093,0.09,0.092,0.08,0.081,0.079,0.08,0.082,0.08,0.084,0.082,0.093
7:39:16,37,0.092,0.092,0.091,0.079,0.08,0.079,0.079,0.081,0.081,0.083,0.08,0.09,0.091,0.711,0.784,0.423,0.337,0.102,0.093,0.113,0.092,0.434,0.118,0.09,0.09,0.673,0.622,0.396,0.304,0.102,0.09,0.117,0.091,0.424,0.12,0.089,0.09,0.631,0.627,0.343,0.284,0.102,0.093,0.109,0.092,0.429,0.121,0.09,0.09,0.458,0.676,0.102,0.227,0.095,0.09,0.095,0.093,0.289,0.095,0.089,0.09,0.516,0.659,0.102,0.211,0.097,0.089,0.094,0.094,0.289,0.096,0.091,0.09,0.553,0.668,0.103,0.147,0.097,0.091,0.095,0.093,0.3,0.096,0.09,0.093,0.09,0.092,0.079,0.081,0.079,0.079,0.082,0.08,0.084,0.082,0.093
7:49:16,37,0.092,0.092,0.091,0.08,0.08,0.079,0.079,0.081,0.081,0.083,0.08,0.09,0.091,0.715,0.784,0.463,0.346,0.103,0.093,0.114,0.092,0.454,0.121,0.09,0.091,0.678,0.623,0.412,0.312,0.102,0.091,0.118,0.091,0.441,0.123,0.089,0.09,0.635,0.627,0.37,0.291,0.102,0.093,0.11,0.092,0.445,0.123,0.09,0.09,0.46,0.679,0.102,0.233,0.095,0.09,0.095,0.093,0.293,0.095,0.089,0.09,0.521,0.663,0.102,0.218,0.097,0.089,0.094,0.094,0.293,0.096,0.091,0.091,0.557,0.672,0.104,0.15,0.097,0.091,0.096,0.093,0.304,0.097,0.09,0.093,0.09,0.092,0.08,0.081,0.079,0.08,0.082,0.08,0.084,0.082,0.093
7:59:16,37,0.092,0.092,0.091,0.08,0.08,0.079,0.079,0.081,0.081,0.083,0.08,0.09,0.091,0.718,0.792,0.478,0.355,0.102,0.093,0.114,0.092,0.467,0.124,0.09,0.091,0.682,0.625,0.408,0.32,0.102,0.09,0.118,0.091,0.453,0.127,0.089,0.09,0.64,0.63,0.398,0.298,0.103,0.093,0.111,0.092,0.455,0.126,0.09,0.09,0.464,0.685,0.102,0.241,0.097,0.09,0.095,0.093,0.297,0.095,0.089,0.09,0.523,0.667,0.102,0.224,0.097,0.089,0.095,0.094,0.297,0.096,0.091,0.091,0.558,0.677,0.104,0.153,0.097,0.09,0.096,0.093,0.306,0.097,0.09,0.093,0.09,0.092,0.08,0.081,0.079,0.08,0.082,0.08,0.084,0.083,0.093
8:09:16,37,0.092,0.092,0.091,0.08,0.08,0.079,0.079,0.081,0.081,0.083,0.08,0.09,0.091,0.72,0.795,0.469,0.359,0.103,0.093,0.115,0.092,0.476,0.127,0.09,0.091,0.685,0.627,0.422,0.325,0.102,0.09,0.119,0.091,0.463,0.13,0.089,0.09,0.644,0.631,0.417,0.304,0.103,0.093,0.111,0.092,0.464,0.13,0.09,0.09,0.465,0.688,0.102,0.247,0.096,0.089,0.095,0.093,0.3,0.095,0.089,0.09,0.525,0.671,0.103,0.231,0.097,0.089,0.095,0.094,0.298,0.096,0.091,0.091,0.56,0.681,0.104,0.155,0.097,0.09,0.096,0.093,0.307,0.097,0.09,0.093,0.09,0.093,0.08,0.081,0.079,0.079,0.082,0.08,0.083,0.083,0.093
8:19:16,37,0.092,0.092,0.091,0.08,0.08,0.079,0.08,0.081,0.081,0.083,0.08,0.09,0.091,0.722,0.796,0.478,0.364,0.103,0.093,0.116,0.092,0.485,0.131,0.09,0.09,0.689,0.628,0.44,0.331,0.102,0.09,0.12,0.091,0.471,0.135,0.089,0.09,0.649,0.632,0.443,0.31,0.103,0.093,0.112,0.092,0.473,0.133,0.09,0.09,0.468,0.691,0.103,0.252,0.096,0.09,0.096,0.093,0.301,0.095,0.089,0.09,0.53,0.675,0.103,0.237,0.098,0.089,0.095,0.094,0.3,0.096,0.091,0.091,0.566,0.683,0.104,0.159,0.097,0.09,0.096,0.093,0.308,0.097,0.09,0.093,0.09,0.092,0.079,0.081,0.079,0.079,0.082,0.08,0.084,0.082,0.094
8:29:16,37,0.092,0.092,0.091,0.08,0.08,0.079,0.08,0.081,0.082,0.083,0.08,0.09,0.091,0.726,0.8,0.477,0.368,0.103,0.093,0.117,0.092,0.495,0.135,0.09,0.091,0.692,0.629,0.464,0.337,0.103,0.09,0.121,0.091,0.481,0.14,0.09,0.091,0.652,0.634,0.464,0.316,0.103,0.093,0.113,0.092,0.483,0.137,0.09,0.091,0.47,0.692,0.103,0.259,0.096,0.09,0.095,0.093,0.3,0.095,0.089,0.09,0.533,0.68,0.104,0.243,0.098,0.089,0.095,0.095,0.301,0.096,0.091,0.091,0.568,0.689,0.105,0.163,0.098,0.09,0.096,0.093,0.308,0.097,0.09,0.093,0.09,0.093,0.08,0.081,0.08,0.08,0.082,0.08,0.084,0.083,0.094
8:39:16,37,0.092,0.092,0.091,0.08,0.08,0.079,0.079,0.081,0.081,0.083,0.08,0.09,0.091,0.728,0.808,0.476,0.373,0.103,0.093,0.117,0.092,0.504,0.139,0.09,0.091,0.695,0.632,0.502,0.343,0.103,0.09,0.121,0.091,0.49,0.145,0.09,0.091,0.656,0.636,0.469,0.321,0.103,0.093,0.114,0.091,0.492,0.14,0.09,0.09,0.473,0.699,0.103,0.264,0.096,0.089,0.095,0.093,0.303,0.095,0.089,0.09,0.538,0.683,0.104,0.249,0.098,0.089,0.095,0.094,0.302,0.096,0.091,0.091,0.572,0.693,0.105,0.165,0.097,0.09,0.096,0.093,0.31,0.097,0.09,0.093,0.09,0.092,0.08,0.081,0.079,0.08,0.082,0.08,0.083,0.083,0.093
8:49:16,37,0.092,0.092,0.091,0.08,0.081,0.079,0.079,0.082,0.082,0.083,0.08,0.091,0.091,0.731,0.809,0.476,0.375,0.103,0.093,0.118,0.092,0.513,0.144,0.09,0.091,0.699,0.632,0.508,0.347,0.103,0.09,0.122,0.091,0.499,0.151,0.089,0.091,0.658,0.637,0.479,0.324,0.103,0.093,0.115,0.092,0.501,0.144,0.09,0.09,0.475,0.702,0.104,0.27,0.096,0.09,0.095,0.093,0.305,0.096,0.089,0.09,0.541,0.687,0.105,0.255,0.098,0.089,0.095,0.095,0.304,0.096,0.091,0.091,0.576,0.696,0.106,0.168,0.098,0.09,0.096,0.093,0.311,0.097,0.09,0.093,0.09,0.093,0.08,0.081,0.08,0.08,0.082,0.08,0.084,0.083,0.094
8:59:16,37,0.092,0.092,0.091,0.08,0.08,0.079,0.079,0.081,0.081,0.083,0.08,0.09,0.091,0.732,0.79,0.478,0.369,0.103,0.093,0.119,0.092,0.518,0.149,0.09,0.091,0.7,0.627,0.513,0.346,0.103,0.09,0.123,0.091,0.505,0.156,0.089,0.091,0.66,0.632,0.484,0.325,0.104,0.093,0.116,0.091,0.507,0.149,0.09,0.09,0.477,0.704,0.105,0.272,0.097,0.089,0.095,0.093,0.308,0.096,0.089,0.09,0.546,0.69,0.105,0.257,0.098,0.089,0.095,0.094,0.306,0.096,0.091,0.091,0.578,0.696,0.106,0.17,0.098,0.09,0.096,0.093,0.314,0.097,0.09,0.093,0.09,0.093,0.08,0.08,0.08,0.08,0.082,0.08,0.084,0.082,0.094
9:09:16,37,0.092,0.092,0.091,0.08,0.08,0.079,0.08,0.081,0.082,0.083,0.08,0.091,0.091,0.736,0.809,0.481,0.381,0.104,0.093,0.121,0.092,0.527,0.156,0.09,0.091,0.701,0.629,0.522,0.353,0.104,0.09,0.125,0.091,0.515,0.164,0.09,0.091,0.664,0.635,0.509,0.328,0.104,0.093,0.117,0.091,0.517,0.153,0.09,0.091,0.481,0.707,0.105,0.277,0.096,0.089,0.095,0.093,0.308,0.096,0.089,0.09,0.55,0.693,0.106,0.262,0.099,0.089,0.095,0.095,0.307,0.096,0.091,0.091,0.581,0.703,0.107,0.173,0.098,0.09,0.096,0.093,0.314,0.097,0.09,0.093,0.09,0.093,0.08,0.08,0.08,0.08,0.082,0.08,0.084,0.083,0.094
9:19:16,37,0.092,0.092,0.091,0.08,0.08,0.079,0.08,0.081,0.082,0.083,0.08,0.09,0.091,0.74,0.792,0.485,0.368,0.104,0.093,0.122,0.092,0.532,0.164,0.09,0.091,0.704,0.627,0.539,0.345,0.104,0.09,0.127,0.091,0.521,0.17,0.089,0.091,0.668,0.633,0.512,0.327,0.104,0.093,0.119,0.091,0.523,0.159,0.09,0.09,0.485,0.711,0.106,0.279,0.097,0.09,0.095,0.093,0.308,0.096,0.089,0.09,0.556,0.696,0.107,0.264,0.099,0.089,0.095,0.094,0.306,0.096,0.091,0.091,0.584,0.702,0.107,0.176,0.098,0.09,0.096,0.093,0.316,0.097,0.09,0.093,0.091,0.093,0.08,0.081,0.08,0.08,0.082,0.08,0.084,0.083,0.094
9:29:16,37,0.092,0.092,0.091,0.08,0.08,0.079,0.08,0.081,0.082,0.083,0.08,0.09,0.091,0.744,0.806,0.488,0.372,0.104,0.093,0.124,0.092,0.541,0.172,0.09,0.091,0.707,0.628,0.567,0.347,0.104,0.09,0.128,0.091,0.53,0.178,0.09,0.091,0.672,0.635,0.513,0.332,0.104,0.093,0.12,0.091,0.532,0.165,0.09,0.09,0.49,0.711,0.107,0.282,0.098,0.089,0.096,0.093,0.31,0.096,0.089,0.09,0.558,0.699,0.108,0.269,0.099,0.089,0.095,0.095,0.308,0.096,0.091,0.091,0.587,0.706,0.108,0.179,0.098,0.09,0.096,0.093,0.316,0.097,0.09,0.093,0.09,0.093,0.08,0.08,0.08,0.079,0.082,0.08,0.084,0.083,0.094
9:39:16,37,0.091,0.092,0.091,0.08,0.08,0.079,0.08,0.081,0.082,0.083,0.08,0.09,0.091,0.744,0.784,0.491,0.359,0.104,0.093,0.125,0.092,0.542,0.179,0.09,0.091,0.708,0.624,0.576,0.342,0.104,0.09,0.13,0.091,0.534,0.184,0.089,0.091,0.675,0.631,0.519,0.331,0.104,0.093,0.122,0.091,0.537,0.171,0.09,0.09,0.494,0.714,0.108,0.283,0.097,0.089,0.096,0.093,0.31,0.096,0.089,0.09,0.563,0.7,0.108,0.269,0.099,0.088,0.095,0.095,0.309,0.096,0.091,0.091,0.59,0.704,0.109,0.181,0.098,0.09,0.096,0.093,0.318,0.097,0.09,0.093,0.09,0.093,0.08,0.08,0.079,0.08,0.082,0.08,0.084,0.082,0.094
9:49:16,37,0.092,0.092,0.091,0.08,0.08,0.079,0.08,0.081,0.082,0.083,0.08,0.09,0.091,0.749,0.806,0.491,0.359,0.105,0.093,0.128,0.092,0.551,0.189,0.09,0.091,0.714,0.626,0.566,0.338,0.104,0.09,0.132,0.091,0.545,0.193,0.09,0.091,0.68,0.634,0.521,0.333,0.105,0.093,0.124,0.091,0.55,0.179,0.09,0.091,0.5,0.717,0.109,0.288,0.102,0.09,0.096,0.093,0.311,0.096,0.089,0.09,0.566,0.703,0.11,0.275,0.099,0.089,0.095,0.095,0.311,0.096,0.091,0.091,0.591,0.709,0.111,0.183,0.099,0.09,0.096,0.093,0.318,0.097,0.09,0.093,0.091,0.093,0.08,0.08,0.08,0.08,0.082,0.08,0.084,0.083,0.094
9:59:16,37,0.092,0.092,0.091,0.08,0.08,0.079,0.08,0.081,0.082,0.083,0.08,0.091,0.091,0.753,0.824,0.491,0.356,0.105,0.093,0.13,0.092,0.56,0.199,0.09,0.091,0.72,0.63,0.564,0.334,0.105,0.09,0.135,0.091,0.556,0.202,0.09,0.091,0.684,0.638,0.526,0.331,0.105,0.093,0.126,0.091,0.559,0.185,0.09,0.09,0.505,0.723,0.111,0.293,0.101,0.089,0.096,0.093,0.314,0.096,0.089,0.09,0.568,0.708,0.112,0.281,0.1,0.088,0.095,0.095,0.313,0.096,0.091,0.091,0.596,0.713,0.111,0.186,0.099,0.09,0.096,0.093,0.319,0.097,0.09,0.093,0.09,0.093,0.08,0.08,0.08,0.08,0.082,0.08,0.084,0.083,0.094
10:09:16,37,0.092,0.092,0.091,0.08,0.08,0.08,0.08,0.081,0.082,0.083,0.08,0.091,0.091,0.753,0.797,0.49,0.35,0.105,0.093,0.133,0.092,0.563,0.206,0.09,0.091,0.723,0.625,0.562,0.332,0.105,0.09,0.137,0.091,0.56,0.207,0.09,0.091,0.688,0.634,0.528,0.331,0.105,0.093,0.129,0.091,0.559,0.191,0.09,0.09,0.511,0.723,0.113,0.292,0.098,0.089,0.096,0.094,0.315,0.096,0.089,0.09,0.571,0.709,0.113,0.28,0.1,0.088,0.095,0.095,0.314,0.096,0.092,0.091,0.601,0.713,0.113,0.188,0.099,0.09,0.096,0.093,0.321,0.097,0.09,0.093,0.091,0.093,0.08,0.08,0.08,0.08,0.082,0.08,0.084,0.083,0.094
10:19:16,37,0.092,0.092,0.091,0.08,0.08,0.079,0.08,0.081,0.082,0.083,0.08,0.09,0.091,0.76,0.829,0.489,0.35,0.105,0.092,0.137,0.092,0.578,0.217,0.09,0.091,0.729,0.63,0.561,0.329,0.105,0.09,0.142,0.09,0.573,0.218,0.09,0.091,0.693,0.639,0.53,0.328,0.106,0.093,0.133,0.091,0.571,0.2,0.09,0.09,0.515,0.725,0.114,0.297,0.098,0.089,0.096,0.094,0.315,0.096,0.089,0.09,0.576,0.714,0.116,0.288,0.1,0.088,0.095,0.095,0.314,0.096,0.091,0.091,0.606,0.718,0.115,0.19,0.099,0.09,0.096,0.093,0.321,0.097,0.09,0.093,0.09,0.093,0.08,0.08,0.08,0.08,0.082,0.08,0.084,0.083,0.094
10:29:16,37,0.092,0.092,0.091,0.08,0.08,0.079,0.08,0.081,0.082,0.083,0.08,0.09,0.091,0.761,0.822,0.488,0.346,0.106,0.093,0.141,0.092,0.578,0.227,0.09,0.091,0.734,0.632,0.56,0.328,0.105,0.09,0.146,0.09,0.576,0.224,0.089,0.091,0.699,0.639,0.53,0.327,0.106,0.093,0.137,0.091,0.572,0.208,0.09,0.09,0.518,0.727,0.116,0.299,0.098,0.089,0.096,0.093,0.317,0.096,0.089,0.09,0.58,0.716,0.118,0.29,0.1,0.088,0.096,0.095,0.314,0.096,0.091,0.091,0.61,0.719,0.116,0.192,0.099,0.09,0.097,0.093,0.322,0.097,0.09,0.093,0.09,0.093,0.08,0.08,0.08,0.08,0.082,0.08,0.083,0.082,0.094
10:39:16,37,0.092,0.092,0.091,0.08,0.08,0.079,0.08,0.081,0.082,0.083,0.08,0.091,0.091,0.765,0.834,0.488,0.345,0.106,0.092,0.146,0.092,0.582,0.238,0.09,0.091,0.738,0.635,0.557,0.328,0.106,0.09,0.152,0.09,0.583,0.231,0.089,0.091,0.704,0.642,0.53,0.327,0.106,0.093,0.141,0.091,0.575,0.217,0.09,0.09,0.523,0.73,0.119,0.303,0.098,0.089,0.096,0.094,0.318,0.096,0.089,0.09,0.584,0.72,0.121,0.295,0.101,0.088,0.096,0.095,0.316,0.096,0.091,0.091,0.613,0.722,0.118,0.195,0.099,0.09,0.097,0.093,0.323,0.097,0.09,0.093,0.091,0.093,0.08,0.08,0.08,0.08,0.082,0.08,0.084,0.083,0.094
10:49:16,37,0.092,0.092,0.091,0.08,0.08,0.079,0.08,0.081,0.082,0.083,0.08,0.091,0.091,0.769,0.835,0.485,0.343,0.106,0.093,0.151,0.092,0.586,0.247,0.09,0.091,0.742,0.635,0.555,0.328,0.106,0.09,0.159,0.09,0.586,0.237,0.09,0.091,0.708,0.642,0.53,0.326,0.107,0.093,0.147,0.091,0.577,0.225,0.09,0.091,0.527,0.737,0.121,0.305,0.099,0.089,0.097,0.094,0.319,0.096,0.09,0.09,0.586,0.723,0.124,0.298,0.101,0.088,0.096,0.095,0.317,0.097,0.091,0.091,0.618,0.725,0.12,0.197,0.099,0.09,0.097,0.093,0.325,0.098,0.09,0.093,0.091,0.093,0.08,0.08,0.08,0.08,0.082,0.08,0.084,0.083,0.094
10:59:16,37,0.092,0.092,0.091,0.08,0.08,0.08,0.08,0.081,0.082,0.083,0.08,0.091,0.091,0.771,0.834,0.482,0.341,0.107,0.092,0.157,0.092,0.585,0.257,0.09,0.091,0.745,0.635,0.553,0.328,0.106,0.09,0.166,0.09,0.586,0.243,0.09,0.091,0.713,0.642,0.533,0.325,0.107,0.093,0.153,0.091,0.579,0.233,0.09,0.09,0.532,0.74,0.124,0.309,0.099,0.089,0.097,0.094,0.321,0.096,0.089,0.09,0.591,0.726,0.128,0.303,0.101,0.088,0.096,0.095,0.318,0.097,0.092,0.091,0.62,0.726,0.123,0.2,0.1,0.09,0.097,0.093,0.325,0.098,0.09,0.093,0.091,0.093,0.08,0.08,0.08,0.08,0.082,0.08,0.084,0.083,0.094
11:09:16,37,0.092,0.092,0.091,0.08,0.081,0.079,0.08,0.081,0.082,0.083,0.08,0.09,0.091,0.774,0.836,0.481,0.338,0.107,0.093,0.163,0.092,0.588,0.264,0.09,0.091,0.748,0.636,0.55,0.328,0.107,0.09,0.173,0.09,0.587,0.248,0.09,0.091,0.717,0.643,0.527,0.324,0.108,0.093,0.159,0.091,0.579,0.24,0.09,0.09,0.535,0.742,0.127,0.312,0.099,0.089,0.097,0.094,0.323,0.096,0.09,0.09,0.594,0.728,0.132,0.306,0.102,0.088,0.096,0.095,0.32,0.097,0.092,0.091,0.626,0.729,0.126,0.203,0.1,0.09,0.097,0.093,0.327,0.098,0.09,0.093,0.091,0.093,0.08,0.08,0.08,0.08,0.082,0.08,0.083,0.083,0.094
11:19:16,37,0.092,0.092,0.091,0.08,0.081,0.08,0.08,0.081,0.082,0.083,0.08,0.091,0.091,0.776,0.831,0.479,0.335,0.108,0.092,0.17,0.092,0.588,0.271,0.09,0.091,0.75,0.633,0.549,0.328,0.107,0.09,0.181,0.09,0.588,0.254,0.09,0.091,0.721,0.642,0.526,0.322,0.108,0.093,0.165,0.091,0.582,0.248,0.09,0.091,0.537,0.743,0.129,0.313,0.1,0.089,0.097,0.094,0.324,0.097,0.089,0.09,0.597,0.731,0.135,0.31,0.102,0.088,0.096,0.095,0.321,0.097,0.092,0.091,0.627,0.73,0.129,0.204,0.1,0.09,0.097,0.094,0.33,0.098,0.09,0.093,0.091,0.093,0.08,0.08,0.08,0.08,0.082,0.08,0.084,0.083,0.094
11:29:16,37,0.092,0.092,0.091,0.08,0.081,0.08,0.08,0.081,0.082,0.083,0.081,0.091,0.091,0.779,0.838,0.478,0.333,0.108,0.092,0.177,0.092,0.591,0.278,0.09,0.091,0.754,0.635,0.547,0.329,0.108,0.09,0.191,0.09,0.59,0.259,0.09,0.091,0.725,0.643,0.524,0.321,0.109,0.093,0.172,0.091,0.583,0.255,0.09,0.091,0.544,0.748,0.133,0.316,0.101,0.089,0.097,0.094,0.325,0.097,0.09,0.09,0.601,0.733,0.139,0.315,0.102,0.088,0.096,0.095,0.323,0.097,0.092,0.091,0.632,0.732,0.133,0.207,0.1,0.09,0.097,0.094,0.333,0.098,0.09,0.093,0.091,0.093,0.08,0.08,0.08,0.08,0.082,0.08,0.083,0.083,0.094
11:39:16,37,0.092,0.092,0.091,0.08,0.081,0.079,0.08,0.081,0.082,0.083,0.081,0.091,0.091,0.784,0.847,0.477,0.332,0.109,0.092,0.186,0.092,0.592,0.285,0.09,0.091,0.758,0.638,0.543,0.329,0.108,0.09,0.199,0.09,0.593,0.264,0.09,0.091,0.73,0.645,0.522,0.321,0.109,0.093,0.179,0.091,0.587,0.262,0.09,0.091,0.547,0.752,0.136,0.319,0.103,0.089,0.098,0.094,0.328,0.097,0.09,0.09,0.605,0.736,0.143,0.32,0.103,0.088,0.096,0.095,0.326,0.097,0.091,0.091,0.635,0.735,0.134,0.209,0.1,0.09,0.097,0.094,0.335,0.098,0.09,0.093,0.091,0.093,0.08,0.08,0.08,0.08,0.082,0.08,0.083,0.083,0.094
11:49:16,37,0.092,0.092,0.091,0.08,0.081,0.08,0.08,0.081,0.082,0.083,0.08,0.091,0.091,0.786,0.844,0.476,0.33,0.109,0.092,0.194,0.092,0.591,0.29,0.09,0.091,0.761,0.638,0.539,0.329,0.109,0.09,0.208,0.09,0.593,0.266,0.09,0.091,0.732,0.645,0.517,0.32,0.11,0.093,0.187,0.091,0.586,0.268,0.09,0.091,0.55,0.753,0.14,0.32,0.103,0.089,0.098,0.094,0.333,0.097,0.089,0.09,0.609,0.739,0.147,0.321,0.103,0.088,0.096,0.095,0.328,0.097,0.092,0.091,0.638,0.737,0.138,0.21,0.101,0.09,0.097,0.094,0.336,0.098,0.09,0.093,0.091,0.093,0.08,0.08,0.08,0.08,0.082,0.08,0.084,0.083,0.094
11:59:16,37,0.092,0.092,0.091,0.08,0.08,0.079,0.08,0.081,0.082,0.083,0.081,0.091,0.091,0.788,0.829,0.474,0.326,0.11,0.092,0.202,0.091,0.589,0.294,0.09,0.091,0.764,0.634,0.535,0.328,0.11,0.09,0.216,0.09,0.59,0.269,0.09,0.091,0.737,0.642,0.513,0.319,0.111,0.092,0.193,0.091,0.585,0.274,0.09,0.09,0.551,0.756,0.144,0.32,0.102,0.089,0.098,0.094,0.335,0.097,0.089,0.09,0.614,0.74,0.15,0.321,0.104,0.088,0.097,0.095,0.329,0.097,0.091,0.091,0.641,0.736,0.141,0.213,0.101,0.09,0.097,0.094,0.337,0.098,0.09,0.093,0.091,0.093,0.08,0.08,0.08,0.08,0.082,0.08,0.084,0.083,0.094
12:09:16,37,0.092,0.092,0.091,0.08,0.081,0.08,0.08,0.081,0.082,0.083,0.081,0.091,0.091,0.793,0.847,0.474,0.326,0.11,0.092,0.212,0.092,0.592,0.301,0.09,0.091,0.768,0.637,0.53,0.328,0.11,0.09,0.225,0.09,0.593,0.274,0.09,0.091,0.742,0.646,0.508,0.319,0.111,0.093,0.201,0.091,0.587,0.28,0.09,0.091,0.556,0.759,0.149,0.324,0.102,0.089,0.098,0.094,0.335,0.097,0.09,0.09,0.617,0.745,0.156,0.326,0.104,0.088,0.097,0.095,0.33,0.097,0.091,0.091,0.644,0.74,0.145,0.216,0.101,0.09,0.098,0.094,0.339,0.098,0.09,0.093,0.091,0.093,0.08,0.08,0.08,0.08,0.082,0.08,0.083,0.083,0.094
12:19:16,37,0.092,0.092,0.091,0.08,0.081,0.08,0.08,0.081,0.082,0.083,0.081,0.091,0.091,0.792,0.817,0.467,0.325,0.111,0.092,0.22,0.091,0.587,0.302,0.09,0.091,0.77,0.633,0.525,0.327,0.111,0.09,0.231,0.09,0.587,0.275,0.09,0.091,0.745,0.64,0.504,0.319,0.112,0.093,0.207,0.091,0.582,0.287,0.09,0.091,0.557,0.76,0.154,0.321,0.103,0.089,0.099,0.094,0.336,0.097,0.09,0.091,0.621,0.746,0.159,0.322,0.105,0.088,0.097,0.096,0.332,0.097,0.092,0.091,0.647,0.736,0.149,0.22,0.102,0.09,0.098,0.094,0.34,0.098,0.09,0.093,0.091,0.093,0.08,0.081,0.08,0.08,0.082,0.081,0.084,0.083,0.094
12:29:16,37,0.092,0.092,0.091,0.08,0.081,0.08,0.08,0.081,0.082,0.083,0.08,0.091,0.091,0.798,0.84,0.463,0.324,0.112,0.092,0.229,0.091,0.591,0.311,0.09,0.091,0.776,0.635,0.517,0.327,0.112,0.09,0.242,0.09,0.592,0.28,0.09,0.091,0.749,0.644,0.496,0.318,0.113,0.092,0.215,0.091,0.586,0.293,0.09,0.091,0.56,0.758,0.16,0.324,0.104,0.089,0.099,0.094,0.336,0.097,0.09,0.09,0.626,0.748,0.165,0.327,0.106,0.088,0.097,0.096,0.333,0.097,0.091,0.091,0.65,0.739,0.154,0.225,0.102,0.09,0.098,0.094,0.342,0.098,0.09,0.093,0.091,0.093,0.08,0.08,0.08,0.08,0.082,0.081,0.083,0.083,0.094
12:39:16,37,0.092,0.092,0.091,0.08,0.081,0.08,0.08,0.081,0.082,0.083,0.081,0.091,0.091,0.798,0.835,0.461,0.321,0.112,0.092,0.237,0.091,0.59,0.313,0.09,0.091,0.777,0.634,0.512,0.326,0.113,0.09,0.25,0.09,0.589,0.282,0.09,0.091,0.752,0.642,0.491,0.317,0.114,0.093,0.223,0.091,0.583,0.296,0.09,0.091,0.565,0.763,0.165,0.322,0.104,0.089,0.099,0.094,0.337,0.098,0.09,0.09,0.629,0.75,0.17,0.326,0.106,0.088,0.098,0.096,0.335,0.097,0.092,0.091,0.652,0.74,0.157,0.228,0.102,0.09,0.098,0.094,0.343,0.098,0.09,0.093,0.091,0.093,0.08,0.08,0.08,0.08,0.082,0.081,0.084,0.083,0.094
12:49:16,37,0.092,0.092,0.091,0.08,0.081,0.08,0.08,0.081,0.082,0.083,0.081,0.091,0.091,0.799,0.822,0.455,0.32,0.114,0.092,0.243,0.092,0.585,0.312,0.09,0.091,0.78,0.63,0.507,0.325,0.113,0.09,0.256,0.09,0.584,0.282,0.09,0.091,0.755,0.639,0.488,0.317,0.115,0.093,0.229,0.091,0.579,0.298,0.09,0.091,0.567,0.765,0.171,0.319,0.107,0.089,0.099,0.094,0.338,0.098,0.09,0.09,0.632,0.751,0.174,0.323,0.107,0.088,0.098,0.096,0.336,0.097,0.092,0.091,0.655,0.74,0.164,0.229,0.103,0.09,0.098,0.094,0.344,0.098,0.09,0.093,0.091,0.093,0.08,0.08,0.08,0.08,0.082,0.081,0.084,0.083,0.094
12:59:16,37,0.092,0.093,0.091,0.08,0.081,0.08,0.08,0.081,0.083,0.083,0.081,0.091,0.091,0.8,0.813,0.454,0.318,0.114,0.092,0.248,0.092,0.583,0.314,0.09,0.091,0.782,0.625,0.501,0.324,0.114,0.09,0.262,0.09,0.582,0.283,0.09,0.091,0.756,0.633,0.486,0.316,0.115,0.093,0.236,0.091,0.578,0.299,0.09,0.091,0.571,0.765,0.176,0.316,0.105,0.089,0.1,0.094,0.338,0.098,0.09,0.09,0.635,0.752,0.179,0.32,0.108,0.088,0.098,0.096,0.337,0.097,0.092,0.091,0.659,0.738,0.167,0.231,0.105,0.09,0.098,0.094,0.346,0.099,0.09,0.093,0.091,0.093,0.08,0.08,0.08,0.08,0.082,0.081,0.084,0.083,0.094
13:09:16,37,0.092,0.092,0.091,0.08,0.081,0.08,0.08,0.081,0.082,0.083,0.081,0.091,0.091,0.805,0.834,0.45,0.318,0.115,0.092,0.258,0.091,0.586,0.322,0.09,0.091,0.786,0.628,0.497,0.324,0.116,0.09,0.274,0.09,0.585,0.288,0.09,0.091,0.762,0.637,0.482,0.316,0.116,0.092,0.244,0.091,0.58,0.304,0.09,0.091,0.575,0.765,0.182,0.319,0.106,0.089,0.1,0.095,0.339,0.098,0.09,0.09,0.637,0.755,0.188,0.323,0.108,0.088,0.098,0.096,0.338,0.097,0.092,0.091,0.661,0.741,0.174,0.236,0.103,0.09,0.099,0.094,0.348,0.098,0.09,0.093,0.091,0.093,0.08,0.08,0.08,0.08,0.082,0.081,0.084,0.083,0.094
13:19:16,37,0.092,0.092,0.092,0.08,0.081,0.08,0.08,0.081,0.083,0.083,0.081,0.091,0.091,0.81,0.849,0.45,0.317,0.117,0.092,0.267,0.091,0.587,0.327,0.09,0.091,0.791,0.633,0.494,0.323,0.118,0.09,0.284,0.09,0.587,0.292,0.09,0.091,0.766,0.64,0.481,0.315,0.117,0.092,0.253,0.091,0.583,0.306,0.09,0.091,0.58,0.768,0.189,0.322,0.108,0.089,0.101,0.095,0.34,0.098,0.09,0.091,0.642,0.759,0.195,0.326,0.109,0.088,0.099,0.097,0.339,0.097,0.092,0.091,0.663,0.744,0.179,0.242,0.106,0.09,0.099,0.094,0.35,0.099,0.09,0.093,0.091,0.093,0.08,0.08,0.08,0.08,0.082,0.081,0.084,0.083,0.094
13:29:16,37,0.092,0.093,0.091,0.08,0.081,0.08,0.08,0.081,0.083,0.084,0.081,0.091,0.091,0.808,0.819,0.451,0.315,0.118,0.092,0.273,0.091,0.583,0.324,0.09,0.091,0.791,0.627,0.491,0.322,0.118,0.09,0.288,0.09,0.581,0.289,0.09,0.091,0.767,0.637,0.483,0.315,0.118,0.092,0.258,0.091,0.578,0.307,0.09,0.091,0.582,0.77,0.196,0.318,0.108,0.089,0.101,0.095,0.341,0.098,0.09,0.091,0.646,0.759,0.199,0.321,0.11,0.088,0.099,0.097,0.34,0.098,0.092,0.091,0.665,0.743,0.186,0.244,0.105,0.09,0.1,0.094,0.35,0.099,0.09,0.093,0.091,0.093,0.08,0.08,0.08,0.08,0.082,0.08,0.084,0.083,0.094
13:39:16,37,0.092,0.092,0.091,0.08,0.081,0.08,0.08,0.081,0.083,0.084,0.081,0.091,0.091,0.81,0.817,0.452,0.314,0.119,0.092,0.279,0.091,0.582,0.326,0.09,0.091,0.793,0.623,0.488,0.321,0.119,0.09,0.295,0.09,0.578,0.289,0.09,0.091,0.769,0.634,0.483,0.315,0.119,0.092,0.264,0.09,0.576,0.307,0.09,0.091,0.586,0.77,0.202,0.315,0.108,0.089,0.102,0.095,0.341,0.098,0.09,0.091,0.651,0.76,0.204,0.318,0.111,0.088,0.099,0.098,0.342,0.098,0.092,0.091,0.667,0.742,0.192,0.246,0.105,0.09,0.099,0.094,0.352,0.099,0.09,0.093,0.091,0.093,0.08,0.08,0.08,0.08,0.082,0.081,0.084,0.083,0.094
13:49:16,37,0.092,0.093,0.091,0.08,0.08,0.08,0.08,0.081,0.083,0.083,0.081,0.091,0.091,0.817,0.845,0.45,0.314,0.121,0.092,0.289,0.091,0.584,0.334,0.09,0.091,0.799,0.63,0.488,0.321,0.122,0.09,0.307,0.09,0.584,0.294,0.09,0.091,0.775,0.639,0.48,0.314,0.12,0.092,0.274,0.09,0.58,0.311,0.09,0.091,0.592,0.772,0.209,0.319,0.109,0.089,0.103,0.096,0.342,0.098,0.09,0.091,0.654,0.762,0.213,0.322,0.112,0.088,0.1,0.098,0.343,0.098,0.092,0.091,0.672,0.747,0.199,0.252,0.108,0.09,0.1,0.095,0.355,0.099,0.09,0.093,0.091,0.093,0.08,0.08,0.08,0.08,0.082,0.081,0.084,0.083,0.094
13:59:16,37,0.092,0.093,0.092,0.08,0.081,0.08,0.08,0.081,0.083,0.084,0.081,0.091,0.092,0.82,0.853,0.453,0.313,0.123,0.092,0.297,0.091,0.585,0.338,0.09,0.091,0.803,0.632,0.487,0.32,0.125,0.09,0.317,0.09,0.585,0.296,0.09,0.091,0.779,0.642,0.48,0.313,0.122,0.092,0.282,0.091,0.581,0.311,0.09,0.091,0.595,0.776,0.214,0.32,0.111,0.089,0.103,0.096,0.343,0.099,0.09,0.091,0.66,0.765,0.22,0.322,0.113,0.088,0.101,0.099,0.344,0.098,0.092,0.091,0.675,0.749,0.21,0.257,0.107,0.09,0.1,0.095,0.358,0.099,0.09,0.093,0.091,0.093,0.08,0.081,0.08,0.08,0.082,0.08,0.084,0.083,0.094
14:09:16,37,0.092,0.093,0.092,0.08,0.081,0.08,0.08,0.081,0.082,0.083,0.081,0.091,0.091,0.824,0.856,0.455,0.313,0.126,0.092,0.305,0.091,0.586,0.34,0.09,0.091,0.807,0.633,0.486,0.32,0.127,0.09,0.325,0.09,0.585,0.297,0.09,0.091,0.783,0.642,0.481,0.313,0.123,0.092,0.289,0.091,0.582,0.311,0.09,0.091,0.6,0.779,0.223,0.32,0.113,0.089,0.103,0.097,0.344,0.099,0.09,0.091,0.663,0.767,0.226,0.323,0.114,0.088,0.101,0.099,0.346,0.098,0.092,0.091,0.678,0.75,0.216,0.261,0.107,0.09,0.1,0.095,0.36,0.099,0.09,0.093,0.091,0.093,0.08,0.081,0.079,0.08,0.082,0.081,0.084,0.083,0.094
14:19:16,37,0.092,0.093,0.092,0.08,0.081,0.08,0.08,0.081,0.083,0.083,0.081,0.091,0.091,0.826,0.836,0.457,0.312,0.129,0.092,0.31,0.091,0.584,0.338,0.09,0.091,0.811,0.631,0.485,0.318,0.129,0.09,0.327,0.09,0.581,0.295,0.09,0.091,0.788,0.641,0.484,0.313,0.126,0.092,0.293,0.091,0.579,0.306,0.09,0.091,0.604,0.781,0.226,0.317,0.111,0.089,0.104,0.097,0.345,0.099,0.09,0.091,0.669,0.767,0.23,0.319,0.115,0.088,0.102,0.099,0.347,0.098,0.092,0.091,0.682,0.751,0.219,0.263,0.107,0.09,0.101,0.095,0.361,0.099,0.09,0.093,0.091,0.093,0.08,0.081,0.079,0.08,0.082,0.081,0.084,0.083,0.094
14:29:16,37,0.092,0.093,0.092,0.08,0.081,0.08,0.08,0.081,0.083,0.083,0.08,0.091,0.091,0.83,0.851,0.458,0.311,0.132,0.092,0.317,0.091,0.584,0.345,0.09,0.091,0.815,0.633,0.486,0.318,0.132,0.09,0.336,0.09,0.583,0.3,0.09,0.091,0.791,0.643,0.482,0.311,0.127,0.092,0.301,0.09,0.581,0.305,0.09,0.091,0.609,0.781,0.231,0.319,0.113,0.089,0.105,0.098,0.346,0.099,0.09,0.091,0.672,0.77,0.237,0.319,0.116,0.088,0.102,0.1,0.349,0.098,0.092,0.091,0.685,0.753,0.23,0.267,0.108,0.09,0.101,0.096,0.363,0.099,0.09,0.093,0.091,0.093,0.08,0.081,0.079,0.08,0.082,0.081,0.084,0.083,0.094
14:39:16,37,0.091,0.093,0.091,0.08,0.081,0.08,0.08,0.081,0.083,0.083,0.081,0.091,0.091,0.833,0.856,0.461,0.31,0.136,0.092,0.324,0.091,0.584,0.346,0.09,0.091,0.819,0.634,0.487,0.317,0.135,0.089,0.343,0.09,0.583,0.3,0.09,0.091,0.795,0.644,0.484,0.311,0.13,0.092,0.309,0.09,0.581,0.3,0.09,0.091,0.614,0.784,0.238,0.318,0.113,0.089,0.106,0.098,0.347,0.099,0.09,0.091,0.677,0.772,0.247,0.319,0.117,0.088,0.103,0.1,0.351,0.098,0.092,0.091,0.69,0.754,0.234,0.27,0.109,0.089,0.102,0.095,0.366,0.099,0.09,0.093,0.091,0.093,0.08,0.08,0.079,0.08,0.082,0.081,0.084,0.083,0.094
14:49:16,37,0.092,0.093,0.092,0.08,0.081,0.08,0.08,0.081,0.082,0.083,0.081,0.091,0.091,0.837,0.861,0.464,0.31,0.141,0.092,0.332,0.091,0.585,0.351,0.09,0.091,0.823,0.637,0.487,0.317,0.139,0.089,0.352,0.09,0.584,0.301,0.09,0.091,0.799,0.645,0.483,0.31,0.133,0.092,0.316,0.09,0.582,0.298,0.09,0.091,0.618,0.782,0.245,0.319,0.114,0.089,0.107,0.099,0.349,0.099,0.09,0.091,0.68,0.774,0.255,0.319,0.118,0.088,0.104,0.101,0.353,0.098,0.092,0.091,0.693,0.756,0.239,0.274,0.11,0.09,0.102,0.096,0.369,0.099,0.09,0.093,0.091,0.093,0.08,0.081,0.079,0.08,0.082,0.081,0.084,0.084,0.094
14:59:16,37,0.092,0.093,0.092,0.08,0.081,0.08,0.08,0.081,0.083,0.083,0.081,0.091,0.092,0.84,0.861,0.467,0.309,0.146,0.092,0.339,0.091,0.585,0.353,0.09,0.091,0.827,0.638,0.488,0.316,0.143,0.09,0.358,0.09,0.584,0.301,0.09,0.091,0.803,0.646,0.484,0.31,0.136,0.092,0.323,0.091,0.581,0.292,0.091,0.091,0.622,0.788,0.247,0.318,0.115,0.089,0.108,0.1,0.35,0.099,0.09,0.091,0.685,0.776,0.26,0.318,0.12,0.088,0.105,0.101,0.355,0.098,0.092,0.091,0.696,0.757,0.244,0.277,0.11,0.09,0.103,0.096,0.371,0.099,0.09,0.093,0.091,0.093,0.08,0.081,0.079,0.08,0.082,0.081,0.084,0.084,0.094
15:09:16,37,0.092,0.093,0.092,0.08,0.081,0.08,0.08,0.081,0.082,0.083,0.081,0.091,0.091,0.843,0.866,0.469,0.308,0.151,0.092,0.347,0.091,0.585,0.354,0.09,0.091,0.832,0.64,0.489,0.316,0.147,0.089,0.366,0.09,0.584,0.304,0.09,0.091,0.807,0.647,0.485,0.31,0.139,0.092,0.331,0.09,0.581,0.284,0.091,0.091,0.626,0.787,0.255,0.317,0.115,0.089,0.11,0.101,0.352,0.099,0.09,0.091,0.689,0.776,0.258,0.317,0.121,0.088,0.106,0.102,0.357,0.098,0.092,0.091,0.7,0.759,0.247,0.281,0.111,0.09,0.103,0.096,0.373,0.099,0.09,0.093,0.091,0.093,0.08,0.081,0.079,0.08,0.082,0.08,0.084,0.084,0.094
15:19:16,37,0.092,0.093,0.092,0.08,0.081,0.08,0.08,0.081,0.083,0.084,0.081,0.091,0.092,0.842,0.833,0.473,0.306,0.155,0.092,0.351,0.091,0.581,0.347,0.09,0.091,0.832,0.634,0.487,0.315,0.15,0.089,0.366,0.09,0.579,0.296,0.09,0.091,0.807,0.642,0.488,0.309,0.142,0.092,0.333,0.09,0.576,0.273,0.091,0.091,0.627,0.79,0.257,0.313,0.116,0.089,0.111,0.101,0.353,0.099,0.09,0.091,0.691,0.775,0.269,0.312,0.122,0.088,0.107,0.102,0.358,0.098,0.092,0.091,0.703,0.756,0.25,0.28,0.112,0.09,0.104,0.096,0.374,0.1,0.09,0.093,0.091,0.093,0.08,0.081,0.079,0.08,0.082,0.08,0.084,0.084,0.094
15:29:16,37,0.092,0.093,0.092,0.08,0.081,0.079,0.08,0.081,0.083,0.084,0.081,0.091,0.092,0.84,0.813,0.474,0.303,0.158,0.092,0.352,0.091,0.578,0.34,0.09,0.091,0.833,0.628,0.488,0.312,0.153,0.09,0.367,0.09,0.575,0.29,0.09,0.091,0.81,0.637,0.487,0.307,0.145,0.092,0.334,0.09,0.572,0.263,0.091,0.091,0.632,0.788,0.263,0.309,0.116,0.089,0.112,0.102,0.353,0.099,0.09,0.091,0.694,0.775,0.273,0.309,0.123,0.088,0.108,0.102,0.359,0.099,0.092,0.091,0.704,0.754,0.256,0.276,0.113,0.09,0.104,0.096,0.376,0.1,0.091,0.093,0.091,0.093,0.08,0.081,0.079,0.08,0.082,0.08,0.084,0.084,0.094
15:39:16,37,0.092,0.093,0.092,0.08,0.081,0.079,0.08,0.081,0.082,0.084,0.081,0.091,0.092,0.844,0.827,0.475,0.304,0.163,0.092,0.36,0.091,0.578,0.334,0.09,0.091,0.84,0.629,0.492,0.313,0.157,0.09,0.377,0.09,0.576,0.287,0.09,0.091,0.814,0.639,0.487,0.308,0.148,0.092,0.342,0.09,0.574,0.254,0.091,0.091,0.636,0.79,0.267,0.308,0.118,0.089,0.114,0.103,0.355,0.1,0.09,0.091,0.698,0.777,0.276,0.307,0.124,0.088,0.109,0.102,0.36,0.099,0.092,0.091,0.707,0.756,0.261,0.277,0.113,0.09,0.105,0.096,0.376,0.1,0.09,0.093,0.091,0.093,0.08,0.081,0.079,0.08,0.082,0.08,0.084,0.084,0.094
15:49:16,37,0.092,0.093,0.092,0.08,0.081,0.08,0.08,0.081,0.083,0.084,0.081,0.091,0.092,0.858,0.875,0.477,0.308,0.174,0.092,0.381,0.092,0.584,0.334,0.091,0.091,0.848,0.645,0.494,0.316,0.168,0.09,0.395,0.09,0.583,0.283,0.09,0.091,0.823,0.652,0.488,0.31,0.153,0.092,0.358,0.09,0.581,0.245,0.091,0.091,0.64,0.792,0.274,0.313,0.118,0.089,0.117,0.105,0.357,0.1,0.09,0.091,0.705,0.78,0.279,0.312,0.127,0.088,0.112,0.103,0.364,0.099,0.092,0.091,0.711,0.761,0.265,0.284,0.118,0.09,0.106,0.097,0.381,0.1,0.09,0.093,0.091,0.093,0.08,0.081,0.08,0.08,0.082,0.08,0.084,0.084,0.094
15:59:16,37,0.092,0.093,0.092,0.08,0.081,0.079,0.08,0.081,0.082,0.084,0.081,0.091,0.092,0.857,0.865,0.478,0.304,0.18,0.092,0.381,0.091,0.582,0.322,0.09,0.091,0.849,0.641,0.494,0.313,0.171,0.089,0.393,0.09,0.581,0.276,0.09,0.091,0.824,0.649,0.489,0.308,0.156,0.092,0.36,0.09,0.577,0.239,0.091,0.091,0.644,0.792,0.279,0.312,0.119,0.089,0.118,0.105,0.36,0.1,0.09,0.091,0.708,0.779,0.281,0.31,0.127,0.088,0.113,0.103,0.366,0.099,0.092,0.091,0.715,0.762,0.27,0.283,0.116,0.09,0.107,0.096,0.382,0.1,0.09,0.093,0.091,0.093,0.08,0.081,0.079,0.08,0.082,0.08,0.084,0.084,0.094
16:09:16,37,0.092,0.093,0.092,0.08,0.081,0.079,0.081,0.081,0.083,0.084,0.081,0.091,0.092,0.86,0.873,0.481,0.303,0.188,0.092,0.388,0.091,0.583,0.316,0.09,0.091,0.853,0.641,0.495,0.312,0.176,0.09,0.4,0.09,0.581,0.269,0.09,0.091,0.829,0.65,0.489,0.307,0.161,0.092,0.367,0.09,0.578,0.232,0.091,0.091,0.648,0.793,0.281,0.312,0.121,0.089,0.12,0.106,0.361,0.1,0.09,0.091,0.712,0.782,0.285,0.31,0.129,0.088,0.115,0.104,0.368,0.099,0.092,0.091,0.718,0.765,0.275,0.285,0.116,0.09,0.108,0.097,0.385,0.1,0.091,0.093,0.091,0.093,0.08,0.081,0.079,0.08,0.082,0.08,0.084,0.084,0.094
16:19:16,37,0.092,0.093,0.092,0.08,0.081,0.079,0.08,0.081,0.082,0.084,0.081,0.091,0.091,0.864,0.886,0.483,0.303,0.196,0.092,0.395,0.091,0.584,0.309,0.09,0.091,0.857,0.646,0.497,0.312,0.182,0.089,0.406,0.09,0.582,0.262,0.09,0.091,0.832,0.654,0.491,0.308,0.166,0.092,0.374,0.09,0.58,0.228,0.091,0.091,0.653,0.797,0.288,0.312,0.122,0.089,0.123,0.107,0.363,0.1,0.09,0.091,0.715,0.783,0.289,0.31,0.13,0.088,0.117,0.104,0.37,0.099,0.092,0.091,0.721,0.764,0.277,0.286,0.117,0.09,0.109,0.097,0.388,0.1,0.09,0.093,0.091,0.093,0.08,0.081,0.079,0.08,0.082,0.08,0.084,0.084,0.094
16:29:16,37,0.092,0.093,0.092,0.08,0.081,0.079,0.081,0.081,0.082,0.084,0.081,0.091,0.092,0.867,0.88,0.486,0.303,0.205,0.092,0.402,0.091,0.583,0.303,0.091,0.091,0.859,0.646,0.498,0.311,0.188,0.089,0.412,0.09,0.581,0.255,0.09,0.091,0.836,0.654,0.491,0.307,0.171,0.092,0.381,0.09,0.578,0.224,0.091,0.091,0.655,0.798,0.29,0.311,0.124,0.089,0.126,0.108,0.365,0.1,0.09,0.091,0.718,0.785,0.292,0.31,0.132,0.088,0.119,0.105,0.372,0.099,0.092,0.091,0.724,0.765,0.281,0.287,0.119,0.09,0.11,0.097,0.391,0.1,0.09,0.093,0.091,0.093,0.08,0.081,0.079,0.08,0.082,0.08,0.084,0.084,0.094
16:39:16,37,0.092,0.093,0.092,0.08,0.081,0.079,0.08,0.081,0.082,0.084,0.081,0.091,0.092,0.87,0.889,0.489,0.303,0.213,0.092,0.411,0.091,0.584,0.296,0.09,0.091,0.862,0.649,0.499,0.312,0.194,0.089,0.42,0.09,0.583,0.249,0.09,0.091,0.839,0.657,0.492,0.307,0.176,0.092,0.389,0.09,0.58,0.223,0.091,0.091,0.66,0.802,0.294,0.311,0.126,0.089,0.128,0.109,0.367,0.1,0.09,0.091,0.721,0.786,0.296,0.31,0.133,0.088,0.121,0.105,0.375,0.099,0.092,0.091,0.727,0.767,0.285,0.288,0.122,0.089,0.112,0.097,0.394,0.1,0.09,0.093,0.091,0.093,0.08,0.081,0.079,0.08,0.081,0.08,0.084,0.084,0.094
16:49:16,37,0.092,0.093,0.092,0.08,0.081,0.08,0.081,0.081,0.083,0.084,0.081,0.091,0.092,0.872,0.886,0.49,0.302,0.22,0.092,0.419,0.091,0.584,0.289,0.091,0.091,0.865,0.648,0.501,0.311,0.199,0.09,0.426,0.09,0.581,0.245,0.09,0.091,0.843,0.656,0.493,0.307,0.181,0.092,0.395,0.09,0.578,0.221,0.091,0.091,0.663,0.8,0.294,0.31,0.127,0.089,0.131,0.11,0.369,0.1,0.09,0.091,0.725,0.787,0.299,0.31,0.135,0.088,0.124,0.106,0.377,0.099,0.092,0.091,0.731,0.768,0.286,0.288,0.124,0.09,0.114,0.097,0.397,0.1,0.091,0.093,0.091,0.093,0.081,0.081,0.079,0.08,0.082,0.08,0.085,0.084,0.094
16:59:16,37,0.092,0.093,0.092,0.08,0.081,0.079,0.081,0.081,0.083,0.084,0.081,0.091,0.092,0.872,0.871,0.492,0.301,0.224,0.092,0.421,0.091,0.581,0.28,0.09,0.091,0.867,0.645,0.503,0.31,0.203,0.089,0.429,0.09,0.577,0.244,0.09,0.091,0.844,0.654,0.494,0.306,0.186,0.092,0.399,0.09,0.575,0.22,0.091,0.091,0.666,0.8,0.297,0.309,0.128,0.089,0.133,0.111,0.371,0.1,0.09,0.091,0.725,0.786,0.302,0.308,0.137,0.088,0.126,0.106,0.378,0.099,0.092,0.091,0.734,0.764,0.292,0.285,0.122,0.09,0.115,0.097,0.4,0.101,0.09,0.093,0.091,0.093,0.081,0.081,0.079,0.08,0.081,0.08,0.084,0.084,0.094
17:09:16,37,0.092,0.093,0.092,0.08,0.081,0.079,0.081,0.081,0.083,0.084,0.081,0.091,0.091,0.875,0.881,0.493,0.301,0.233,0.092,0.432,0.091,0.582,0.277,0.09,0.091,0.87,0.646,0.503,0.31,0.209,0.089,0.438,0.09,0.58,0.243,0.09,0.091,0.848,0.655,0.494,0.305,0.19,0.092,0.408,0.09,0.577,0.218,0.091,0.091,0.671,0.8,0.301,0.309,0.133,0.089,0.135,0.112,0.373,0.1,0.09,0.091,0.73,0.788,0.304,0.309,0.138,0.088,0.129,0.106,0.382,0.099,0.092,0.091,0.737,0.768,0.295,0.286,0.125,0.09,0.116,0.097,0.401,0.101,0.09,0.093,0.091,0.093,0.081,0.081,0.079,0.08,0.081,0.08,0.084,0.084,0.094
17:19:16,37,0.092,0.093,0.092,0.08,0.08,0.079,0.082,0.081,0.083,0.085,0.081,0.091,0.092,0.877,0.882,0.495,0.3,0.239,0.092,0.439,0.091,0.581,0.265,0.091,0.091,0.872,0.647,0.505,0.309,0.215,0.089,0.444,0.09,0.579,0.242,0.09,0.091,0.851,0.655,0.495,0.305,0.195,0.092,0.415,0.09,0.576,0.218,0.091,0.091,0.674,0.802,0.304,0.308,0.13,0.089,0.137,0.113,0.376,0.101,0.09,0.091,0.732,0.788,0.307,0.309,0.14,0.088,0.131,0.107,0.384,0.099,0.092,0.091,0.739,0.768,0.297,0.285,0.124,0.09,0.118,0.097,0.403,0.101,0.091,0.093,0.092,0.093,0.081,0.081,0.079,0.081,0.082,0.08,0.085,0.084,0.094
17:29:16,37,0.092,0.093,0.092,0.08,0.08,0.079,0.081,0.081,0.083,0.084,0.081,0.091,0.092,0.881,0.889,0.497,0.299,0.246,0.092,0.447,0.091,0.582,0.261,0.09,0.091,0.875,0.648,0.505,0.309,0.221,0.089,0.452,0.09,0.579,0.242,0.09,0.091,0.854,0.658,0.497,0.305,0.199,0.092,0.423,0.09,0.577,0.218,0.091,0.091,0.678,0.805,0.307,0.308,0.132,0.089,0.139,0.114,0.378,0.101,0.09,0.091,0.736,0.788,0.31,0.309,0.142,0.088,0.134,0.108,0.386,0.099,0.092,0.091,0.742,0.769,0.301,0.286,0.125,0.09,0.122,0.097,0.406,0.101,0.091,0.093,0.091,0.093,0.081,0.081,0.079,0.08,0.081,0.08,0.084,0.084,0.094
17:39:16,37,0.092,0.093,0.092,0.08,0.08,0.079,0.081,0.081,0.082,0.085,0.081,0.091,0.092,0.884,0.89,0.499,0.299,0.252,0.092,0.454,0.091,0.581,0.259,0.091,0.091,0.878,0.649,0.507,0.309,0.227,0.089,0.458,0.09,0.579,0.242,0.09,0.091,0.857,0.658,0.498,0.304,0.204,0.092,0.429,0.09,0.577,0.218,0.091,0.091,0.68,0.806,0.312,0.308,0.134,0.089,0.141,0.116,0.38,0.101,0.09,0.091,0.739,0.788,0.313,0.308,0.144,0.088,0.137,0.108,0.389,0.1,0.092,0.091,0.745,0.77,0.302,0.286,0.126,0.09,0.123,0.097,0.409,0.101,0.091,0.093,0.091,0.093,0.081,0.081,0.079,0.081,0.082,0.08,0.085,0.084,0.094
17:49:16,37,0.092,0.093,0.092,0.08,0.081,0.079,0.081,0.081,0.082,0.085,0.081,0.091,0.092,0.887,0.885,0.5,0.299,0.256,0.092,0.461,0.091,0.58,0.257,0.091,0.091,0.882,0.648,0.508,0.308,0.231,0.089,0.464,0.09,0.578,0.243,0.09,0.091,0.859,0.659,0.502,0.304,0.209,0.092,0.435,0.09,0.575,0.219,0.091,0.091,0.683,0.805,0.314,0.307,0.135,0.089,0.144,0.117,0.382,0.101,0.09,0.091,0.742,0.791,0.318,0.307,0.145,0.088,0.14,0.109,0.392,0.1,0.092,0.091,0.749,0.769,0.304,0.284,0.126,0.09,0.123,0.097,0.412,0.101,0.091,0.093,0.092,0.093,0.081,0.081,0.079,0.081,0.081,0.08,0.085,0.084,0.094
17:59:16,37,0.092,0.093,0.092,0.08,0.081,0.079,0.081,0.081,0.082,0.085,0.081,0.091,0.092,0.89,0.886,0.501,0.298,0.262,0.092,0.467,0.091,0.581,0.255,0.091,0.091,0.885,0.648,0.509,0.308,0.236,0.089,0.472,0.09,0.578,0.244,0.09,0.091,0.863,0.658,0.498,0.303,0.212,0.092,0.442,0.09,0.575,0.22,0.091,0.091,0.687,0.807,0.316,0.307,0.137,0.089,0.146,0.117,0.384,0.101,0.09,0.091,0.742,0.79,0.323,0.306,0.147,0.088,0.142,0.109,0.394,0.1,0.092,0.091,0.751,0.773,0.31,0.284,0.129,0.089,0.126,0.097,0.414,0.101,0.091,0.093,0.091,0.093,0.081,0.081,0.079,0.081,0.081,0.079,0.085,0.084,0.094
18:09:16,37,0.092,0.093,0.092,0.08,0.081,0.079,0.082,0.081,0.082,0.085,0.081,0.091,0.092,0.892,0.891,0.503,0.299,0.268,0.092,0.476,0.091,0.581,0.253,0.091,0.091,0.889,0.651,0.509,0.308,0.242,0.089,0.479,0.09,0.579,0.244,0.09,0.091,0.867,0.659,0.5,0.303,0.217,0.092,0.45,0.09,0.575,0.22,0.091,0.091,0.69,0.807,0.329,0.307,0.139,0.089,0.148,0.119,0.387,0.101,0.09,0.091,0.746,0.791,0.33,0.306,0.149,0.088,0.146,0.11,0.396,0.1,0.092,0.091,0.754,0.774,0.316,0.284,0.132,0.089,0.128,0.097,0.416,0.101,0.091,0.093,0.091,0.093,0.081,0.081,0.079,0.081,0.081,0.079,0.085,0.084,0.094
,,,,,,,,,,,,,,,,,,,,,,,,,,,,,,,,,,,,,,,,,,,,,,,,,,,,,,,,,,,,,,,,,,,,,,,,,,,,,,,,,,,,,,,,,,,,,,,,,
,,,,,,,,,,,,,,,,,,,,,,,,,,,,,,,,,,,,,,,,,,,,,,,,,,,,,,,,,,,,,,,,,,,,,,,,,,,,,,,,,,,,,,,,,,,,,,,,,
,,,,,,,,,,,,,,,,,,,,,,,,,,,,,,,,,,,,,,,,,,,,,,,,,,,,,,,,,,,,,,,,,,,,,,,,,,,,,,,,,,,,,,,,,,,,,,,,,
,,,,,,,,,,,,,,,,,,,,,,,,,,,,,,,,,,,,,,,,,,,,,,,,,,,,,,,,,,,,,,,,,,,,,,,,,,,,,,,,,,,,,,,,,,,,,,,,,
,,,,,,,,,,,,,,,,,,,,,,,,,,,,,,,,,,,,,,,,,,,,,,,,,,,,,,,,,,,,,,,,,,,,,,,,,,,,,,,,,,,,,,,,,,,,,,,,,
,,,,,,,,,,,,,,,,,,,,,,,,,,,,,,,,,,,,,,,,,,,,,,,,,,,,,,,,,,,,,,,,,,,,,,,,,,,,,,,,,,,,,,,,,,,,,,,,,
,,,,,,,,,,,,,,,,,,,,,,,,,,,,,,,,,,,,,,,,,,,,,,,,,,,,,,,,,,,,,,,,,,,,,,,,,,,,,,,,,,,,,,,,,,,,,,,,,
,,,,,,,,,,,,,,,,,,,,,,,,,,,,,,,,,,,,,,,,,,,,,,,,,,,,,,,,,,,,,,,,,,,,,,,,,,,,,,,,,,,,,,,,,,,,,,,,,
,,,,,,,,,,,,,,,,,,,,,,,,,,,,,,,,,,,,,,,,,,,,,,,,,,,,,,,,,,,,,,,,,,,,,,,,,,,,,,,,,,,,,,,,,,,,,,,,,
,,,,,,,,,,,,,,,,,,,,,,,,,,,,,,,,,,,,,,,,,,,,,,,,,,,,,,,,,,,,,,,,,,,,,,,,,,,,,,,,,,,,,,,,,,,,,,,,,
,,,,,,,,,,,,,,,,,,,,,,,,,,,,,,,,,,,,,,,,,,,,,,,,,,,,,,,,,,,,,,,,,,,,,,,,,,,,,,,,,,,,,,,,,,,,,,,,,
,,,,,,,,,,,,,,,,,,,,,,,,,,,,,,,,,,,,,,,,,,,,,,,,,,,,,,,,,,,,,,,,,,,,,,,,,,,,,,,,,,,,,,,,,,,,,,,,,
,,,,,,,,,,,,,,,,,,,,,,,,,,,,,,,,,,,,,,,,,,,,,,,,,,,,,,,,,,,,,,,,,,,,,,,,,,,,,,,,,,,,,,,,,,,,,,,,,
,,,,,,,,,,,,,,,,,,,,,,,,,,,,,,,,,,,,,,,,,,,,,,,,,,,,,,,,,,,,,,,,,,,,,,,,,,,,,,,,,,,,,,,,,,,,,,,,,
,,,,,,,,,,,,,,,,,,,,,,,,,,,,,,,,,,,,,,,,,,,,,,,,,,,,,,,,,,,,,,,,,,,,,,,,,,,,,,,,,,,,,,,,,,,,,,,,,
,,,,,,,,,,,,,,,,,,,,,,,,,,,,,,,,,,,,,,,,,,,,,,,,,,,,,,,,,,,,,,,,,,,,,,,,,,,,,,,,,,,,,,,,,,,,,,,,,
,,,,,,,,,,,,,,,,,,,,,,,,,,,,,,,,,,,,,,,,,,,,,,,,,,,,,,,,,,,,,,,,,,,,,,,,,,,,,,,,,,,,,,,,,,,,,,,,,
,,,,,,,,,,,,,,,,,,,,,,,,,,,,,,,,,,,,,,,,,,,,,,,,,,,,,,,,,,,,,,,,,,,,,,,,,,,,,,,,,,,,,,,,,,,,,,,,,
,,,,,,,,,,,,,,,,,,,,,,,,,,,,,,,,,,,,,,,,,,,,,,,,,,,,,,,,,,,,,,,,,,,,,,,,,,,,,,,,,,,,,,,,,,,,,,,,,
,,,,,,,,,,,,,,,,,,,,,,,,,,,,,,,,,,,,,,,,,,,,,,,,,,,,,,,,,,,,,,,,,,,,,,,,,,,,,,,,,,,,,,,,,,,,,,,,,
,,,,,,,,,,,,,,,,,,,,,,,,,,,,,,,,,,,,,,,,,,,,,,,,,,,,,,,,,,,,,,,,,,,,,,,,,,,,,,,,,,,,,,,,,,,,,,,,,
,,,,,,,,,,,,,,,,,,,,,,,,,,,,,,,,,,,,,,,,,,,,,,,,,,,,,,,,,,,,,,,,,,,,,,,,,,,,,,,,,,,,,,,,,,,,,,,,,
,,,,,,,,,,,,,,,,,,,,,,,,,,,,,,,,,,,,,,,,,,,,,,,,,,,,,,,,,,,,,,,,,,,,,,,,,,,,,,,,,,,,,,,,,,,,,,,,,
,,,,,,,,,,,,,,,,,,,,,,,,,,,,,,,,,,,,,,,,,,,,,,,,,,,,,,,,,,,,,,,,,,,,,,,,,,,,,,,,,,,,,,,,,,,,,,,,,
,,,,,,,,,,,,,,,,,,,,,,,,,,,,,,,,,,,,,,,,,,,,,,,,,,,,,,,,,,,,,,,,,,,,,,,,,,,,,,,,,,,,,,,,,,,,,,,,,
,,,,,,,,,,,,,,,,,,,,,,,,,,,,,,,,,,,,,,,,,,,,,,,,,,,,,,,,,,,,,,,,,,,,,,,,,,,,,,,,,,,,,,,,,,,,,,,,,
,,,,,,,,,,,,,,,,,,,,,,,,,,,,,,,,,,,,,,,,,,,,,,,,,,,,,,,,,,,,,,,,,,,,,,,,,,,,,,,,,,,,,,,,,,,,,,,,,
,,,,,,,,,,,,,,,,,,,,,,,,,,,,,,,,,,,,,,,,,,,,,,,,,,,,,,,,,,,,,,,,,,,,,,,,,,,,,,,,,,,,,,,,,,,,,,,,,
,,,,,,,,,,,,,,,,,,,,,,,,,,,,,,,,,,,,,,,,,,,,,,,,,,,,,,,,,,,,,,,,,,,,,,,,,,,,,,,,,,,,,,,,,,,,,,,,,
,,,,,,,,,,,,,,,,,,,,,,,,,,,,,,,,,,,,,,,,,,,,,,,,,,,,,,,,,,,,,,,,,,,,,,,,,,,,,,,,,,,,,,,,,,,,,,,,,
,,,,,,,,,,,,,,,,,,,,,,,,,,,,,,,,,,,,,,,,,,,,,,,,,,,,,,,,,,,,,,,,,,,,,,,,,,,,,,,,,,,,,,,,,,,,,,,,,
,,,,,,,,,,,,,,,,,,,,,,,,,,,,,,,,,,,,,,,,,,,,,,,,,,,,,,,,,,,,,,,,,,,,,,,,,,,,,,,,,,,,,,,,,,,,,,,,,
,,,,,,,,,,,,,,,,,,,,,,,,,,,,,,,,,,,,,,,,,,,,,,,,,,,,,,,,,,,,,,,,,,,,,,,,,,,,,,,,,,,,,,,,,,,,,,,,,
,,,,,,,,,,,,,,,,,,,,,,,,,,,,,,,,,,,,,,,,,,,,,,,,,,,,,,,,,,,,,,,,,,,,,,,,,,,,,,,,,,,,,,,,,,,,,,,,,
,,,,,,,,,,,,,,,,,,,,,,,,,,,,,,,,,,,,,,,,,,,,,,,,,,,,,,,,,,,,,,,,,,,,,,,,,,,,,,,,,,,,,,,,,,,,,,,,,
,,,,,,,,,,,,,,,,,,,,,,,,,,,,,,,,,,,,,,,,,,,,,,,,,,,,,,,,,,,,,,,,,,,,,,,,,,,,,,,,,,,,,,,,,,,,,,,,,
